INSERT INTO airport (AirportID, Name, Location, Size)
VALUES
(1, 'Ondores', 'Charyshskoye', 7558),
(2, 'Furong', 'Berlin', 9986),
(3, 'Yongshan', 'Paobokol', 7677),
(4, 'Kavajë', 'Chãos', 8676),
(5, 'Mazeikiai', 'Damietta', 3164),
(6, 'Botou', 'Farroupilha', 7247),
(7, 'San Antonio', 'Dublin', 18040),
(8, 'Gelemso', 'Daba', 3390),
(9, 'Hidalgo', 'Garibaldi', 19100),
(10, 'Nardaran', 'Gueltat Zemmour', 9656),
(11, 'Dunyāpur', 'Karanlukh', 18113),
(12, 'Lincheng', 'Watthana Nakhon', 4400),
(13, 'San Lorenzo', 'Steinkjer', 17555),
(14, 'Aguas del Padre', 'Huangcun', 9451),
(15, 'Khujirt', 'Shibirghān', 15666),
(16, 'Quy Đạt', 'Simões Filho', 3719),
(17, 'Ngamba', 'Ózd', 7662),
(18, 'Bernardo de Irigoyen', 'Vis', 9093),
(19, 'Glencoe', 'Kuroda', 16638),
(20, 'Xuefeng', 'Berezivka', 4660),
(21, 'Changbu', 'Soltsy', 12323),
(22, 'Santa Ignacia', 'Dongdong', 19785),
(23, 'Čeladná', 'Hexi', 10411),
(24, 'Date', 'Zharkent', 16911),
(25, 'Turrialba', 'Buta', 9024),
(26, 'Pucangkrajan', 'Niort', 9470),
(27, 'Beauharnois', 'Sruni', 16278),
(28, 'Sila', 'Springfield', 9298),
(29, 'Gaopai', 'Llano de Piedra', 8047),
(30, 'Batticaloa', 'Maha Sarakham', 17582),
(31, 'Kompóti', 'Jelsa', 4817),
(32, 'Chekmagush', 'Jovellanos', 17535),
(33, 'Veselynove', 'Anping', 12913),
(34, 'Veracruz', 'Komyshany', 17358),
(35, 'Abeokuta', 'Allacapan', 6211),
(36, 'Ad Dann', 'Namayingo', 13261),
(37, 'Guozhai', 'Oetutulul', 7459),
(38, 'Nueva Germania', 'Zhangjiahe', 13592),
(39, 'Wasquehal', 'Guanban', 13971),
(40, 'Oka', 'Dayangzhou', 11770),
(41, 'Mỹ Xuyên', 'Biryulëvo', 14364),
(42, 'Além Paraíba', 'Pacobamba', 8540),
(43, 'Fengyang', 'Hūn', 6855),
(44, 'Červené Pečky', 'Yuandianhui', 3265),
(45, 'Žandov', 'Al Ghuwayrīyah', 5374),
(46, 'Xintang', 'Frutal', 5737),
(47, 'Thị Trấn Mường Lát', 'Fulu', 16856),
(48, 'Terter', 'Altona', 12498),
(49, 'Tujing', 'Chanuman', 19757),
(50, 'Rossosh', 'Wang Muang', 5747),
(51, 'Sacanche', 'Huikou', 5517),
(52, 'Zhongba', 'Honglu', 16579),
(53, 'Haoshui', 'Kryevidh', 11563),
(54, 'Binan', 'Itapuí', 11201),
(55, 'Fais', 'Nikolskoye', 6704),
(56, 'Shakīso', 'Izazi', 8036),
(57, 'Myaydo', 'Laimuda', 15322),
(58, 'Panyarang', 'Huashan', 16048),
(59, 'Gubat', 'Fullerton', 14084),
(60, 'Melaka', 'Foxton', 19443),
(61, 'Lunen', 'Mamedkala', 10538),
(62, 'Sławatycze', 'Cantilan', 6531),
(63, 'Ha', 'Columbus', 6688),
(64, 'Xinshi', 'Lipník nad Bečvou', 11598),
(65, 'Orimattila', 'São Miguel do Araguaia', 15634),
(66, 'Wenquan', 'Māymay', 14399),
(67, 'Touho', 'Qifang', 7436),
(68, 'Cachoeira', 'Sadabe', 4999),
(69, 'Iriga City', 'Caucasia', 17008),
(70, 'Xuelu', 'Shuangqiao', 18849),
(71, 'Xiagong', 'Belleville', 17063),
(72, 'Porto-Novo', 'Mabalacat', 13752),
(73, 'Alung', 'Gumalang', 3869),
(74, 'Gambēla', 'Amherst', 13512),
(75, 'Fangyan', 'Lianyun', 17583),
(76, 'Toulouse', 'Ursynów', 3811),
(77, 'Wangpu', 'Rasūlnagar', 15430),
(78, 'Tegalsari', 'Qitao', 6802),
(79, 'Belfast', 'Águas', 3648),
(80, 'Matadi', 'Mingcheng', 8248),
(81, 'Tombu', 'Mets Parni', 10074),
(82, 'Nantes', 'Guocun', 14554),
(83, 'Dresden', 'Samphanthawong', 12506),
(84, 'Talitsy', 'Quzhou', 13500),
(85, 'Vydreno', 'Lansing', 4266),
(86, 'Zapala', 'Sere', 14002),
(87, 'Želetava', 'Siso', 17999),
(88, 'Polovinnoye', 'Langsa', 11846),
(89, 'Brodósqui', 'Quwa', 6212),
(90, 'Maracanã', 'Tekikbanyuurip', 19379),
(91, 'Marxog', 'Xia Zanggor', 4277),
(92, 'Huangjin', 'Geneng', 15917),
(93, 'Fornos', 'San Miguel', 14923),
(94, 'Buenos Aires', 'Lafiagi', 16696),
(95, 'Toužim', 'Prokhladnyy', 10924),
(96, 'Stockholm', 'Ruyigi', 5847),
(97, 'Bohutín', 'Lam Plai Mat', 14268),
(98, 'Lewotola', 'Scranton', 11080),
(99, 'Sunjia Buzi', 'Kurihashi', 7936),
(100, 'Gose', 'Jiexiu', 18490),
(101, 'Candon', 'Siennica Różana', 11326),
(102, 'Salamá', 'Khodzha-Maston', 12524),
(103, 'Pagatan', 'Mijiang', 6772),
(104, 'Qinjiang', 'Pokrovskoye', 9622),
(105, 'Irbid', 'Mirriah', 14834),
(106, 'Kalibaru', 'Chemal', 16365),
(107, 'Sukaraharja', 'Santa Rosa', 10962),
(108, 'Baracoa', 'Reshetylivka', 16370),
(109, 'Lanling', 'Franco da Rocha', 7993),
(110, 'Quillabamba', 'Lakbok', 19584),
(111, 'Mitrovicë', 'Jincheng', 6750),
(112, 'Sanjiang', 'Rangxi', 16858),
(113, 'Whittier', 'Panaoti', 12577),
(114, 'Cergy-Pontoise', 'Tarhuna', 10418),
(115, 'Smithers', 'Buenlag', 8637),
(116, 'Brodnica', 'Toulouse', 4692),
(117, 'Daogao', 'Nouna', 8294),
(118, 'Béré', 'Pangascasan', 8198),
(119, 'Gjilan', 'Mahalapye', 16683),
(120, 'Stanowice', 'Juyuan', 14709),
(121, 'Changjiang', 'La Gacilly', 7464),
(122, 'Mongo', 'Bulusari', 15613),
(123, 'Kamwenge', 'Pingding', 12161),
(124, 'Leipzig', 'Hikkaduwa', 12932),
(125, 'Omišalj', 'Cabaritan East', 10575),
(126, 'Dongzaogang', 'Varna', 10763),
(127, 'Belsk Duży', 'Taiyu', 15113),
(128, 'Penelas', 'Rejanegara', 16214),
(129, 'Ajdabiya', 'Krajan', 8260),
(130, 'Gebang', 'Trảng Bom', 8051),
(131, 'Koktokay', 'Banhā', 5572),
(132, 'Laojiangjunjie', 'Rumilly', 14144),
(133, 'Kebonan', 'Ozerki', 7461),
(134, 'Libato', 'Destrnik', 16183),
(135, 'New York City', 'Cabinda', 10079),
(136, 'Huazhou', 'El Charco', 12709),
(137, 'Tlučná', 'Mandesan', 15457),
(138, 'Capayán', 'Ignacio Zaragoza', 17734),
(139, 'Mâcon', 'Honolulu', 17557),
(140, 'Karangboyo', 'Harhorin', 9658),
(141, 'Puerto Mayor Otaño', 'Osan', 15717),
(142, 'Dolno Palčište', 'Seidu', 16107),
(143, 'Boyarka', 'Šavnik', 9707),
(144, 'Vidoši', 'Port Elizabeth', 15277),
(145, 'Pajoreja', 'Maraã', 7437),
(146, 'Zhenlai', 'Laowobao', 8662),
(147, 'Lazaro Cardenas', 'Looc', 9229),
(148, 'Valence', 'Huaping', 16776),
(149, 'Ronneby', 'Kumba', 10903),
(150, 'Grugul', 'Aix-les-Bains', 8094),
(151, 'Xinmin', 'Chiclayo', 10308),
(152, 'Anambongan', 'Ai Tu', 19257),
(153, 'Lydenburg', 'Kang-neung', 16237),
(154, 'Kuwayris Sharqī', 'Rūjayb', 5171),
(155, 'Červená Voda', 'Maiac', 7521),
(156, 'Kamień Pomorski', 'Karinë', 4846),
(157, 'Qongirot Shahri', 'Prakhon Chai', 5911),
(158, 'Youzha', 'Hājīganj', 3918),
(159, 'Sembungin', 'Pale', 5805),
(160, 'Vukatanë', 'Koryukivka', 16867),
(161, 'Calizo', 'Tabora', 10736),
(162, 'Hukeng', 'Bukbatang', 18807),
(163, 'Dijon', 'Kakuda', 10948),
(164, 'Huazhai', 'Domampot', 12002),
(165, 'Chuncheon', 'Rio Meão', 13139),
(166, 'Jinqiao', 'Parfino', 17986),
(167, 'Jacareí', 'Tejen', 7661),
(168, 'Nīkshahr', 'Małdyty', 16141),
(169, 'Gyumri', 'Ivanec', 18304),
(170, 'Phu Luang', 'Jishui', 17812),
(171, 'Palma De Mallorca', 'Nakhon Pathom', 11177),
(172, 'Skuratovskiy', 'Skopje', 9509),
(173, 'Sabang', 'Tenjolaya', 5197),
(174, 'Moncton', 'Dawung', 8265),
(175, 'Huurch', 'Nurabelen', 12195),
(176, 'Mošorin', 'Panyam', 14236),
(177, 'Rubiataba', 'Wenshao', 11665),
(178, 'Manizales', 'Szczecin', 9959),
(179, 'Tawaramoto', 'Shurugwi', 4852),
(180, 'Yugawara', 'Tangjia', 15287),
(181, 'Guangyi', 'Yuanping', 10184),
(182, 'Gelgaudiškis', 'Bāfq', 12341),
(183, 'Datuan', 'Temorlorong', 17324),
(184, 'Jiucaizhuang', 'Kolonia Town', 4800),
(185, 'Ozerki', 'Ängelholm', 14649),
(186, 'Fuxing', 'Sigli', 14373),
(187, 'Zgornje Pirniče', 'Avelar', 12597),
(188, 'Duozhu', 'Farshūţ', 16797),
(189, 'Shuishi', 'Santiago de Cao', 7758),
(190, 'Pangantocan', 'Boconó', 3783),
(191, 'Balong Wetan', 'Amarete', 19105),
(192, 'Panaytayon', 'Bourges', 7175),
(193, 'Hradec nad Moravici', 'Sangumata', 5145),
(194, 'San Nicolas', 'Tayzhina', 8417),
(195, 'Moa', 'Palestina de los Altos', 15379),
(196, 'Jiuli', 'Burgos', 11265),
(197, 'Jeffreys Bay', 'Asaita', 7917),
(198, 'Barberena', 'Qanlikol', 7262),
(199, 'Karasuyama', 'Lyon', 15796),
(200, 'Silab', 'Tinumpuk', 3482);

INSERT INTO airline (Name, AirlineID)
VALUES
('Baker, Neal and Allen', 1),
('Bailey PLC', 2),
('Navarro, Montes and Lambert', 3),
('Smith, Brady and Griffith', 4),
('Cameron, Rice and Davis', 5),
('Rodriguez-Aguilar', 6),
('Garcia-Decker', 7),
('Miller and Sons', 8),
('James-Reed', 9),
('Stevens-West', 10),
('Newton-King', 11),
('Fleming, Erickson and Bryant', 12),
('Hunter-Mccoy', 13),
('Stevens, Horton and Cook', 14),
('Valdez-Jordan', 15),
('Rush, Gray and Cline', 16),
('Landry, Cunningham and Sullivan', 17),
('Valenzuela, Simmons and Gomez', 18),
('Robinson, Ortiz and Thompson', 19),
('Mora Inc', 20),
('Sutton and Sons', 21),
('Martinez-Gray', 22),
('Duarte-Wood', 23),
('Rodriguez-Frey', 24),
('Walters-Turner', 25),
('Sanchez, Castaneda and Cooper', 26),
('Roberts, Stokes and Abbott', 27),
('King-Barnett', 28),
('Nielsen Ltd', 29),
('Diaz Group', 30),
('Bullock-Odonnell', 31),
('Williams, Anderson and Miller', 32),
('Welch-Saunders', 33),
('Powell, Ramos and Carlson', 34),
('Oneill-Fischer', 35),
('Allen-Cox', 36),
('Hamilton-Freeman', 37),
('Conway, Bryant and Brown', 38),
('Long Ltd', 39),
('Barrera, Hamilton and Berry', 40),
('Craig-Hensley', 41),
('Williams Ltd', 42),
('Fields, Crawford and Mitchell', 43),
('Bishop, Griffin and Macias', 44),
('Key and Sons', 45),
('Myers, Nguyen and Mcgrath', 46),
('Best Ltd', 47),
('Moore PLC', 48),
('Stevens, Fuller and Sexton', 49),
('Gutierrez, Moran and Merritt', 50),
('Porter-Choi', 51),
('Wilson, Brown and Riddle', 52),
('Silva Inc', 53),
('Obrien, Morrison and Morrison', 54),
('Buck-Macias', 55),
('Lam Ltd', 56),
('Hill-Rodriguez', 57),
('Bowman and Sons', 58),
('Frazier-Vasquez', 59),
('Lewis-Sandoval', 60),
('Young Group', 61),
('Martin, Heath and Hicks', 62),
('Wagner, Bernard and Mcdonald', 63),
('Nguyen, Davidson and Houston', 64),
('Johnson-Ramirez', 65),
('Munoz PLC', 66),
('Herrera PLC', 67),
('Soto-Johnson', 68),
('Williams, Kennedy and Wright', 69),
('Brewer, Thompson and Powers', 70),
('Adams-Lynch', 71),
('Peterson, Hughes and Holmes', 72),
('Foster-Taylor', 73),
('Shelton, Robertson and Smith', 74),
('Montes, Marshall and Horn', 75),
('Martinez, Porter and Henry', 76),
('Vargas-House', 77),
('Myers and Sons', 78),
('Thompson Group', 79),
('Mccarthy, Benson and Mathis', 80),
('Stevens-Pena', 81),
('Michael-Burns', 82),
('Vasquez LLC', 83),
('Harper-Phillips', 84),
('Lopez Ltd', 85),
('Gonzalez-Mora', 86),
('Ruiz-Rodriguez', 87),
('Payne, Gregory and Hall', 88),
('Mcpherson LLC', 89),
('Wilson Inc', 90),
('Trevino-James', 91),
('Burns, Page and Tanner', 92),
('Wilson Ltd', 93),
('Rocha and Sons', 94),
('White, Jenkins and Lopez', 95),
('Garcia, Camacho and Moore', 96),
('Crawford, Fletcher and Grant', 97),
('Reyes Inc', 98),
('Norman-Weaver', 99),
('Hernandez PLC', 100),
('Erickson, Cuevas and Johnston', 101),
('Meyer, Flores and Coleman', 102),
('Parrish and Sons', 103),
('Fields-Mcdaniel', 104),
('Carroll, Lucero and Allen', 105),
('Lopez-Franco', 106),
('Wilson-Thomas', 107),
('Clark, Brooks and Anderson', 108),
('Gonzales-Hardy', 109),
('Reynolds and Sons', 110),
('White, Alvarez and Allen', 111),
('Rowe PLC', 112),
('Pierce, Williams and Peterson', 113),
('Powers-Jones', 114),
('Meadows Inc', 115),
('Serrano Inc', 116),
('Kramer-Smith', 117),
('Gray, Dillon and Cross', 118),
('Erickson Inc', 119),
('Strickland, Patel and Cole', 120),
('Shields PLC', 121),
('Williams, Greer and Strickland', 122),
('Hall-Garcia', 123),
('Hodges-Hughes', 124),
('Vang, Palmer and Gonzalez', 125),
('Garcia-Lawson', 126),
('Miller, Hill and Flores', 127),
('Petty-White', 128),
('Lopez Group', 129),
('Hall Ltd', 130),
('Rodriguez-Robles', 131),
('Cox, Davis and Sexton', 132),
('Dyer, Zimmerman and Rodriguez', 133),
('Rodriguez PLC', 134),
('Johnson, Lopez and Murphy', 135),
('Morgan, Adams and Pearson', 136),
('Waters-Thompson', 137),
('Hernandez LLC', 138),
('Mullins and Sons', 139),
('Wagner and Sons', 140),
('Brown, Baker and Lloyd', 141),
('Mitchell, Harris and Munoz', 142),
('Williams, Rangel and Turner', 143),
('Glass-Carrillo', 144),
('Jones LLC', 145),
('Cameron-Jacobs', 146),
('Terry LLC', 147),
('Bowen Ltd', 148),
('Burns, Bridges and Sanchez', 149),
('Hughes LLC', 150),
('Leach-Higgins', 151),
('Velazquez-Ferguson', 152),
('Bradshaw Inc', 153),
('Meyer Group', 154),
('Davis, Smith and Owens', 155),
('Murray-Villegas', 156),
('Ritter, Greer and Smith', 157),
('Greene-Allen', 158),
('Jackson LLC', 159),
('Parker PLC', 160),
('Contreras LLC', 161),
('Merritt, Brown and Taylor', 162),
('Burns, Davis and Williams', 163),
('Williams, Trujillo and Hamilton', 164),
('Hubbard and Sons', 165),
('Stokes Group', 166),
('Nelson, Douglas and Soto', 167),
('Dixon and Sons', 168),
('Barnes LLC', 169),
('Marsh LLC', 170),
('Johnson-Haney', 171),
('Oliver, Adkins and Hoover', 172),
('Conway-Williams', 173),
('Little, Schaefer and Kerr', 174),
('Mckenzie Ltd', 175),
('Shelton Inc', 176),
('Koch Inc', 177),
('Jefferson, Gray and Howard', 178),
('Moore LLC', 179),
('Scott-Greene', 180),
('Lynch, Coleman and Goodman', 181),
('Johnston, Matthews and Walker', 182),
('Walker, Mcgrath and Long', 183),
('Smith LLC', 184),
('Nichols, Jimenez and Johnson', 185),
('Griffith, Rojas and Welch', 186),
('Stewart-Ross', 187),
('Torres-Whitney', 188),
('Armstrong-Williams', 189),
('Martin-Oliver', 190),
('Taylor-Byrd', 191),
('Bell-Snyder', 192),
('Williams Ltd', 193),
('Smith Inc', 194),
('Kelly, Benjamin and Rodriguez', 195),
('Lopez, Andrews and Torres', 196),
('Larsen, Walsh and Clark', 197),
('Dickerson Group', 198),
('Sparks, Castro and Dean', 199),
('Larson Inc', 200);

INSERT INTO services (AirlineID , AirportID)
VALUES
(6,29),
(35,67),
(110,196),
(31,129),
(146,83),
(5,47),
(181,156),
(57,84),
(91,134),
(183,132),
(93,94),
(50,96),
(53,8),
(59,105),
(111,69),
(68,11),
(119,128),
(86,60),
(149,7),
(95,9),
(19,165),
(17,10),
(34,56),
(153,23),
(30,113),
(190,145),
(107,192),
(3,17),
(165,89),
(87,59),
(175,133),
(197,50),
(48,182),
(40,148),
(132,36),
(184,109),
(58,6),
(156,70),
(35,135),
(58,73),
(81,21),
(150,82),
(26,162),
(39,188),
(125,128),
(14,76),
(186,143),
(93,105),
(182,164),
(25,163),
(2,130),
(139,156),
(6,58),
(130,108),
(196,142),
(105,78),
(66,85),
(142,60),
(100,146),
(179,61),
(90,10),
(118,200),
(27,19),
(54,59),
(76,118),
(177,34),
(8,152),
(144,101),
(52,116),
(51,96),
(124,25),
(82,151),
(150,9),
(80,63),
(153,175),
(183,46),
(25,12),
(11,44),
(172,49),
(18,79),
(179,102),
(162,16),
(14,69),
(30,107),
(19,193),
(3,61),
(110,156),
(51,24),
(114,124),
(30,88),
(188,152),
(69,144),
(140,69),
(95,175),
(144,198),
(108,50),
(84,5),
(134,125),
(38,95),
(62,97),
(42,48),
(75,6),
(118,39),
(162,156),
(200,174),
(185,166),
(150,191),
(65,136),
(194,112),
(32,179),
(25,175),
(23,183),
(108,146),
(46,152),
(172,124),
(101,35),
(9,153),
(33,193),
(136,148),
(4,106),
(15,165),
(39,162),
(109,135),
(37,20),
(26,121),
(192,57),
(179,19),
(176,148),
(146,68),
(52,120),
(173,159),
(200,95),
(77,144),
(16,175),
(56,199),
(61,102),
(43,162),
(25,166),
(5,1),
(59,128),
(180,52),
(162,37),
(43,104),
(141,194),
(193,8),
(92,179),
(64,180),
(26,65),
(127,51),
(188,112),
(98,28),
(30,187),
(70,62),
(46,40),
(5,123),
(150,178),
(74,92),
(163,198),
(186,125),
(145,131),
(149,47),
(26,71),
(11,78),
(191,30),
(11,3),
(77,200),
(49,60),
(87,81),
(120,163),
(79,50),
(87,109),
(52,81),
(47,179),
(31,158),
(34,87),
(179,121),
(192,102),
(163,101),
(145,119),
(191,40),
(11,60),
(148,128),
(169,108),
(191,66),
(187,35),
(115,147),
(175,116),
(1,60),
(62,173),
(164,82),
(126,55),
(189,56),
(184,116),
(18,107),
(85,73),
(17,11),
(146,66),
(138,67),
(173,79),
(139,25);

INSERT INTO flight (FlightID , MaxPassengers , MaxWeight , Model , FK_AirlineID)
VALUES
(1,95,64660.12,'Bombardier 561',163),
(2,372,57457.79,'Embraer 126',178),
(3,238,52020.72,'Tupolev 685',127),
(4,445,14758.29,'Boeing 864',172),
(5,130,21955.78,'Boeing 423',156),
(6,359,12633.99,'Airbus 740',127),
(7,374,90139.89,'Boeing 781',158),
(8,424,18486.38,'Embraer 421',48),
(9,418,49813.13,'Tupolev 844',167),
(10,366,92754.15,'Bombardier 945',96),
(11,287,29018.14,'Tupolev 556',161),
(12,435,95814.57,'Bombardier 528',190),
(13,184,77979.25,'Boeing 670',85),
(14,386,86016.75,'Tupolev 722',116),
(15,142,15373.91,'Tupolev 804',87),
(16,343,57634.33,'Bombardier 574',40),
(17,496,16229.06,'Tupolev 166',191),
(18,147,77705.46,'Airbus 955',120),
(19,60,83902.51,'Tupolev 191',59),
(20,225,49253.23,'Boeing 309',115),
(21,197,51072.87,'Embraer 386',96),
(22,417,50830.23,'Bombardier 167',77),
(23,76,64404.71,'Embraer 170',109),
(24,471,66287.32,'Boeing 306',71),
(25,80,91758.21,'Boeing 605',180),
(26,459,72322.02,'Tupolev 252',61),
(27,256,97475.37,'Airbus 211',56),
(28,177,60634.10,'Airbus 184',15),
(29,334,30254.04,'Bombardier 880',151),
(30,404,49400.94,'Bombardier 111',135),
(31,449,97800.12,'Embraer 190',102),
(32,492,21729.84,'Embraer 486',10),
(33,368,67658.52,'Airbus 895',92),
(34,63,90656.44,'Embraer 731',80),
(35,472,80752.52,'Bombardier 554',164),
(36,235,90690.05,'Boeing 788',115),
(37,243,95067.29,'Boeing 405',129),
(38,211,68475.04,'Airbus 142',116),
(39,418,76471.48,'Boeing 606',126),
(40,349,18173.69,'Boeing 531',42),
(41,412,39622.77,'Airbus 511',36),
(42,258,53644.53,'Airbus 452',6),
(43,151,42158.05,'Tupolev 676',185),
(44,223,91935.16,'Tupolev 238',137),
(45,197,18416.48,'Bombardier 546',42),
(46,155,92685.57,'Bombardier 679',28),
(47,232,90408.60,'Bombardier 366',24),
(48,273,94424.29,'Embraer 915',66),
(49,132,18149.13,'Embraer 976',2),
(50,150,79723.82,'Tupolev 660',7),
(51,222,74213.74,'Bombardier 620',32),
(52,143,67224.65,'Airbus 471',62),
(53,297,85524.78,'Tupolev 230',56),
(54,115,82691.33,'Boeing 858',83),
(55,367,36749.32,'Tupolev 435',24),
(56,365,51235.89,'Bombardier 332',30),
(57,63,75107.29,'Bombardier 641',65),
(58,70,73007.05,'Embraer 230',44),
(59,106,49782.10,'Embraer 960',8),
(60,442,32521.64,'Bombardier 998',127),
(61,63,52868.39,'Tupolev 214',77),
(62,252,38314.43,'Tupolev 654',178),
(63,81,90047.28,'Embraer 233',182),
(64,234,49271.46,'Bombardier 613',95),
(65,179,94212.73,'Embraer 992',120),
(66,221,68298.00,'Bombardier 263',154),
(67,162,86140.04,'Airbus 608',100),
(68,185,39255.93,'Airbus 683',61),
(69,460,57844.08,'Tupolev 696',128),
(70,291,19527.71,'Bombardier 357',177),
(71,404,19904.51,'Tupolev 381',80),
(72,186,83421.22,'Embraer 944',5),
(73,252,59262.69,'Tupolev 610',153),
(74,497,91949.79,'Boeing 938',85),
(75,397,88341.46,'Embraer 762',29),
(76,140,44208.55,'Boeing 307',110),
(77,368,73639.92,'Tupolev 162',45),
(78,58,80794.23,'Airbus 442',88),
(79,308,72007.43,'Bombardier 307',184),
(80,306,44029.52,'Boeing 167',61),
(81,111,69266.15,'Airbus 202',72),
(82,416,20054.88,'Bombardier 431',12),
(83,158,30860.76,'Airbus 259',75),
(84,165,74512.41,'Boeing 654',23),
(85,377,42715.83,'Bombardier 483',161),
(86,76,94811.58,'Tupolev 820',39),
(87,176,31970.99,'Embraer 468',157),
(88,402,81712.78,'Airbus 554',47),
(89,255,97940.31,'Boeing 381',92),
(90,327,69743.67,'Boeing 703',6),
(91,276,28783.05,'Tupolev 761',20),
(92,455,13961.90,'Tupolev 272',15),
(93,53,10808.01,'Embraer 476',41),
(94,358,49877.25,'Tupolev 878',149),
(95,345,45849.63,'Bombardier 213',10),
(96,139,36583.12,'Embraer 788',137),
(97,360,72022.74,'Bombardier 962',61),
(98,56,28102.40,'Boeing 670',8),
(99,411,48179.53,'Tupolev 797',169),
(100,475,42908.75,'Tupolev 576',149),
(101,307,31800.45,'Tupolev 442',64),
(102,347,45259.63,'Airbus 663',78),
(103,417,19920.06,'Airbus 992',103),
(104,367,12505.06,'Airbus 819',174),
(105,101,18834.03,'Airbus 302',138),
(106,484,36456.55,'Embraer 269',26),
(107,272,13698.73,'Bombardier 207',39),
(108,171,66620.46,'Embraer 484',29),
(109,214,41242.41,'Boeing 594',133),
(110,253,66123.16,'Bombardier 777',68),
(111,197,90219.83,'Bombardier 841',200),
(112,164,72004.46,'Airbus 992',81),
(113,187,44053.17,'Tupolev 409',49),
(114,435,82522.64,'Airbus 127',163),
(115,153,75845.35,'Tupolev 804',112),
(116,140,70551.47,'Tupolev 627',145),
(117,320,44409.97,'Tupolev 399',117),
(118,353,27736.82,'Embraer 133',195),
(119,315,88702.60,'Bombardier 448',200),
(120,250,22343.95,'Bombardier 296',89),
(121,335,93456.57,'Embraer 169',62),
(122,388,94070.67,'Tupolev 739',7),
(123,295,85823.38,'Tupolev 980',144),
(124,63,17473.47,'Boeing 915',51),
(125,352,16081.27,'Bombardier 314',174),
(126,314,97502.36,'Tupolev 220',70),
(127,254,30678.82,'Airbus 636',152),
(128,111,11364.55,'Boeing 586',4),
(129,352,54250.57,'Airbus 477',2),
(130,181,14089.43,'Bombardier 859',186),
(131,269,16837.83,'Bombardier 550',66),
(132,444,16209.14,'Tupolev 338',78),
(133,464,68950.10,'Boeing 231',140),
(134,495,54199.91,'Bombardier 870',35),
(135,112,68447.41,'Airbus 166',61),
(136,314,92968.00,'Airbus 747',108),
(137,339,33030.20,'Embraer 130',62),
(138,238,13160.86,'Airbus 595',189),
(139,162,94966.43,'Airbus 928',27),
(140,404,89839.26,'Airbus 402',4),
(141,244,23761.56,'Boeing 255',71),
(142,164,76032.08,'Tupolev 166',179),
(143,452,56846.90,'Tupolev 310',105),
(144,437,87560.60,'Bombardier 592',197),
(145,283,38839.10,'Boeing 130',123),
(146,240,91461.72,'Boeing 626',13),
(147,320,47528.03,'Airbus 408',132),
(148,467,88181.40,'Boeing 882',93),
(149,455,75285.58,'Airbus 862',191),
(150,232,28318.66,'Tupolev 770',105),
(151,425,17950.14,'Tupolev 872',134),
(152,185,65170.34,'Embraer 111',71),
(153,367,18219.80,'Bombardier 415',96),
(154,451,53148.01,'Embraer 333',149),
(155,71,17365.28,'Boeing 357',82),
(156,312,77861.68,'Tupolev 916',109),
(157,348,96053.05,'Boeing 879',112),
(158,310,90521.70,'Airbus 549',28),
(159,237,71662.22,'Airbus 531',156),
(160,124,36599.78,'Airbus 530',133),
(161,119,85262.15,'Tupolev 804',78),
(162,407,63398.63,'Airbus 658',85),
(163,221,66960.55,'Tupolev 632',5),
(164,419,26581.17,'Bombardier 859',97),
(165,378,75165.04,'Bombardier 140',156),
(166,88,52560.85,'Tupolev 396',190),
(167,154,38885.06,'Bombardier 707',8),
(168,441,75779.26,'Tupolev 377',66),
(169,188,78778.40,'Boeing 424',51),
(170,155,74950.15,'Tupolev 434',77),
(171,379,89484.83,'Airbus 975',134),
(172,331,90130.12,'Airbus 535',115),
(173,315,29653.88,'Boeing 595',148),
(174,330,70546.47,'Boeing 343',73),
(175,427,59580.38,'Bombardier 409',73),
(176,314,96800.55,'Bombardier 855',26),
(177,64,13748.40,'Embraer 622',54),
(178,268,13290.53,'Boeing 990',198),
(179,369,12491.13,'Bombardier 406',102),
(180,415,73813.17,'Boeing 339',107),
(181,298,75042.71,'Airbus 857',146),
(182,399,13354.05,'Bombardier 990',91),
(183,137,21059.48,'Airbus 896',189),
(184,334,53003.79,'Embraer 757',175),
(185,220,26603.16,'Airbus 495',83),
(186,270,61071.68,'Embraer 303',90),
(187,416,46888.35,'Tupolev 728',180),
(188,387,20621.95,'Boeing 963',105),
(189,164,37498.25,'Tupolev 248',140),
(190,199,24763.02,'Airbus 720',167),
(191,414,84529.74,'Tupolev 398',154),
(192,396,27673.63,'Bombardier 720',138),
(193,384,98879.87,'Embraer 908',55),
(194,188,91339.57,'Boeing 296',107),
(195,211,65469.57,'Tupolev 301',56),
(196,469,29951.53,'Embraer 626',13),
(197,492,39856.28,'Boeing 715',197),
(198,390,88108.63,'Embraer 880',126),
(199,66,46474.04,'Tupolev 809',85),
(200,405,57181.94,'Embraer 573',182);

INSERT INTO passenger (PassengerID , FirstName , LastName , DOB)
VALUES
('P001','Matthew','Myers','2010-10-13'),
('P002','Tara','Miller','1973-01-22'),
('P003','Carol','Stanton','1958-03-07'),
('P004','Trevor','Lee','1989-02-08'),
('P005','Carrie','Castillo','1965-03-25'),
('P006','Taylor','Lopez','2002-12-13'),
('P007','Cindy','Mccall','1979-12-05'),
('P008','Matthew','Bass','1982-05-16'),
('P009','Norma','Daugherty','1983-05-21'),
('P010','Jacob','Wong','2004-06-22'),
('P011','Christine','Adams','1981-02-26'),
('P012','Erin','Butler','1972-10-08'),
('P013','James','Martinez','1979-04-19'),
('P014','Danielle','Lyons','1975-12-11'),
('P015','Jillian','Olsen','2002-07-10'),
('P016','Mary','Williamson','1992-06-13'),
('P017','Jonathan','Lopez','2006-11-11'),
('P018','Gabriella','Waters','1987-08-19'),
('P019','Thomas','Anderson','1953-06-22'),
('P020','Anthony','Jones','1983-03-20'),
('P021','Patrick','Ramos','2001-01-14'),
('P022','Heidi','Porter','1985-11-11'),
('P023','Melissa','Bates','2001-04-01'),
('P024','Sarah','Nash','1986-03-23'),
('P025','Micheal','Lewis','1984-11-05'),
('P026','Richard','Herrera','1973-09-04'),
('P027','Madeline','Hamilton','1955-12-08'),
('P028','Kenneth','Clark','1993-12-14'),
('P029','Christopher','Ward','1950-07-10'),
('P030','Brianna','Malone','1975-04-19'),
('P031','Lee','Olsen','1952-08-19'),
('P032','Kathryn','Dean','1963-07-18'),
('P033','Timothy','Jones','1966-02-28'),
('P034','Edwin','Miller','1991-11-09'),
('P035','Ryan','Escobar','1977-08-01'),
('P036','Jennifer','Long','1985-01-18'),
('P037','Mallory','Ramirez','1987-04-14'),
('P038','Justin','Hogan','1964-11-13'),
('P039','Richard','Miller','2001-08-28'),
('P040','Barry','Compton','1972-12-04'),
('P041','Michael','Chavez','1996-12-14'),
('P042','Amanda','Ramos','2010-07-25'),
('P043','Benjamin','Sullivan','1976-05-19'),
('P044','Mary','Jackson','1982-04-01'),
('P045','Steven','Holmes','1979-02-28'),
('P046','Shannon','Mcneil','1970-12-08'),
('P047','Jill','Taylor','2004-10-11'),
('P048','Christine','Wilson','1995-04-12'),
('P049','Victoria','Roberson','1957-01-07'),
('P050','Jacqueline','Moore','2007-06-14'),
('P051','Paul','Brown','1993-10-19'),
('P052','Vanessa','Farmer','1956-08-04'),
('P053','Maxwell','Leblanc','1950-07-23'),
('P054','James','Alvarez','1970-02-16'),
('P055','April','Gomez','2004-09-01'),
('P056','Cory','Jackson','1965-09-21'),
('P057','Michael','Brooks','1983-12-16'),
('P058','Kathryn','Ramos','1972-09-19'),
('P059','William','Taylor','2008-04-28'),
('P060','Cathy','Price','1955-11-04'),
('P061','Haley','Perez','2010-09-22'),
('P062','Gabriel','Brown','1957-05-11'),
('P063','Manuel','Schmidt','1985-02-05'),
('P064','Brandon','Martinez','1973-05-07'),
('P065','Anthony','Lee','1974-08-07'),
('P066','Kyle','Archer','1990-11-19'),
('P067','Jacqueline','Morse','1966-12-25'),
('P068','Lori','Brown','2002-07-09'),
('P069','Matthew','Cameron','1983-02-20'),
('P070','Christina','Matthews','1959-07-07'),
('P071','Adrian','Reynolds','1952-04-18'),
('P072','Carol','Williams','1953-08-27'),
('P073','Kathleen','May','2005-07-10'),
('P074','David','Martinez','1995-10-14'),
('P075','Briana','Cox','1951-12-27'),
('P076','Cynthia','Mccarty','1986-05-06'),
('P077','Jesse','Stokes','1969-08-20'),
('P078','Susan','Kennedy','1966-03-01'),
('P079','Stephanie','Hubbard','1975-01-24'),
('P080','Mallory','Parker','1962-08-26'),
('P081','Melinda','Mason','2002-10-12'),
('P082','Jerome','Rogers','1955-08-02'),
('P083','Jacqueline','Anderson','1987-04-09'),
('P084','Jennifer','Carter','1970-02-15'),
('P085','Brianna','Sanchez','2006-04-04'),
('P086','Leslie','Lee','1994-05-06'),
('P087','Stephanie','Rogers','2001-01-17'),
('P088','Kevin','Dawson','2008-03-19'),
('P089','Ricky','Ferguson','1995-05-11'),
('P090','Troy','Jones','2005-08-07'),
('P091','Laura','Hicks','1994-10-21'),
('P092','Kenneth','Beard','2005-03-26'),
('P093','David','Phillips','1951-08-20'),
('P094','Mariah','Gutierrez','1981-03-03'),
('P095','Benjamin','Contreras','1981-03-04'),
('P096','Christopher','Rivera','1953-06-08'),
('P097','David','Webster','1973-10-26'),
('P098','Kathryn','Pham','2007-05-13'),
('P099','Jacob','Johnson','1974-09-27'),
('P100','John','Harris','1955-02-05'),
('P101','Amber','Hammond','1988-07-23'),
('P102','Jennifer','Robinson','1985-02-18'),
('P103','Elizabeth','Padilla','1997-02-11'),
('P104','Nancy','Moore','1983-02-19'),
('P105','Kathleen','Bell','1990-11-21'),
('P106','Ralph','Giles','1985-01-26'),
('P107','Dawn','Wilson','1964-04-28'),
('P108','Jillian','Allen','1982-10-19'),
('P109','Robert','Foster','1957-07-12'),
('P110','Justin','Andersen','1991-06-23'),
('P111','Kathleen','Harris','1977-05-24'),
('P112','Joan','Blevins','1987-09-10'),
('P113','Ricky','Wells','2000-12-13'),
('P114','Christopher','Mendoza','2007-08-23'),
('P115','Steven','Martin','1957-04-06'),
('P116','Victor','Castro','1965-06-27'),
('P117','Diana','Yates','1952-08-23'),
('P118','Brian','Mendez','1962-09-21'),
('P119','John','Moran','1975-11-17'),
('P120','Chelsea','Myers','2000-01-09'),
('P121','Larry','Martin','1960-01-26'),
('P122','Charles','Miller','2008-09-28'),
('P123','Dennis','White','1979-06-24'),
('P124','Alexander','Cole','1950-02-12'),
('P125','Amy','Ellison','1950-07-26'),
('P126','Amanda','Coffey','1978-01-10'),
('P127','Jessica','Wagner','1965-07-06'),
('P128','Valerie','Hughes','1959-04-10'),
('P129','Kevin','Gonzalez','1997-11-14'),
('P130','Bethany','Valdez','1966-10-17'),
('P131','Jason','Spencer','1962-07-19'),
('P132','Lauren','Cantrell','1962-07-01'),
('P133','Jeremy','Fields','1966-01-10'),
('P134','Catherine','Garcia','1952-05-01'),
('P135','Rachel','Yu','1998-05-23'),
('P136','Lisa','Nelson','1987-06-25'),
('P137','Erin','Alvarez','2002-11-15'),
('P138','Theresa','Clark','2002-10-05'),
('P139','Kenneth','Roberts','1974-09-02'),
('P140','Lisa','Estrada','2004-11-01'),
('P141','Joshua','Casey','1955-09-19'),
('P142','Melinda','Jackson','1964-06-14'),
('P143','Connie','Hicks','1998-12-25'),
('P144','William','Moore','1976-05-20'),
('P145','Christopher','Hanson','1964-08-21'),
('P146','Caitlin','Howard','1999-10-19'),
('P147','Megan','Mitchell','2006-02-23'),
('P148','Derrick','Torres','1973-06-05'),
('P149','Carol','Chambers','2008-06-10'),
('P150','Christopher','Rosario','2009-02-08'),
('P151','Cody','Baird','1978-05-17'),
('P152','Rebekah','Brown','1958-03-21'),
('P153','Kathy','Kim','1990-09-06'),
('P154','Lisa','Murphy','1964-06-03'),
('P155','Brian','Cohen','1986-08-18'),
('P156','Shelby','Koch','2008-03-24'),
('P157','Joseph','Barnes','1998-08-09'),
('P158','Christine','Christensen','2003-08-11'),
('P159','Amy','Knox','1975-03-22'),
('P160','Courtney','Rice','1967-06-24'),
('P161','Richard','Freeman','1962-01-15'),
('P162','Bryan','Wilson','1984-04-16'),
('P163','Lauren','Horton','1992-10-10'),
('P164','Cynthia','Stewart','1990-04-12'),
('P165','Paul','Miller','1962-07-26'),
('P166','Tracey','Anderson','1973-11-03'),
('P167','Michael','Ellis','1997-03-13'),
('P168','William','Turner','1991-04-22'),
('P169','Christina','Mason','1967-12-12'),
('P170','Jim','Williams','1970-09-15'),
('P171','David','Clark','2004-06-06'),
('P172','Kimberly','French','1951-01-07'),
('P173','Richard','Santiago','2001-09-17'),
('P174','Ruth','Allen','1960-04-10'),
('P175','Carrie','Taylor','1957-03-06'),
('P176','Shawn','Cortez','1980-08-14'),
('P177','Matthew','Orr','1983-09-26'),
('P178','Sierra','Tucker','1980-12-17'),
('P179','John','Smith','1994-04-26'),
('P180','Kimberly','Green','1982-06-07'),
('P181','Daniel','Wolfe','1974-10-23'),
('P182','Terrance','Chandler','1968-03-10'),
('P183','Craig','Harper','1991-09-05'),
('P184','John','Martin','1960-03-16'),
('P185','Heather','Noble','1957-04-07'),
('P186','Steven','Moody','1967-12-13'),
('P187','Justin','Murphy','1986-09-19'),
('P188','Anthony','Newman','1980-11-05'),
('P189','Bobby','Benson','2000-06-24'),
('P190','Mary','Galvan','1957-08-12'),
('P191','Richard','Fisher','1989-03-22'),
('P192','David','Mueller','2003-04-18'),
('P193','Brian','Dougherty','1977-12-18'),
('P194','Maria','Rodriguez','2007-04-26'),
('P195','Anne','Clayton','1977-06-03'),
('P196','Thomas','Anderson','1995-05-23'),
('P197','Madison','Lee','1962-04-06'),
('P198','Jamie','Juarez','1953-08-15'),
('P199','Kimberly','Robinson','2010-10-28'),
('P200','Allison','Smith','1981-05-13');

INSERT INTO luggage (LuggageID , Price , Weight , FK_PassengerID , FK_FlightID , CarryOnFlag , Type , LiquidLimit , CheckInFlag , CargoClass , SpecializedFlag , Description , Fragility , HandlingInstructions)
VALUES
('L001',305.57,14.36,'P001',54,False,NULL,NULL,False,NULL,True,'Cosmetics',False,NULL),
('L002',186.59,11.98,'P002',153,False,NULL,NULL,True,'First Class',False,NULL,NULL,NULL),
('L003',204.44,19.50,'P003',159,True,'Laptop bag',61,False,NULL,False,NULL,NULL,NULL),
('L004',121.14,34.89,'P004',16,True,'Suitcase',559,False,NULL,False,NULL,NULL,NULL),
('L005',114.24,6.61,'P005',43,False,NULL,NULL,False,NULL,True,'Sports equipment',True,'This side up'),
('L006',94.71,6.36,'P006',25,False,NULL,NULL,False,NULL,True,'Toiletries',False,NULL),
('L007',353.60,11.94,'P007',104,False,NULL,NULL,True,'Standard Economy',False,NULL,NULL,NULL),
('L008',317.33,28.81,'P008',76,False,NULL,NULL,True,'First Class',False,NULL,NULL,NULL),
('L009',178.02,3.42,'P009',92,False,NULL,NULL,False,NULL,True,'Pet supplies',True,'Oxidizing agent'),
('L010',417.01,45.54,'P010',156,False,NULL,NULL,True,'Premium Economy',False,NULL,NULL,NULL),
('L011',253.94,40.45,'P011',36,False,NULL,NULL,False,NULL,True,'Books',False,NULL),
('L012',498.38,38.79,'P012',41,True,'Hiking backpack',999,False,NULL,False,NULL,NULL,NULL),
('L013',481.12,49.34,'P013',56,False,NULL,NULL,True,'Royal Class',False,NULL,NULL,NULL),
('L014',229.68,30.08,'P014',71,False,NULL,NULL,True,'Deluxe Economy',False,NULL,NULL,NULL),
('L015',480.05,29.08,'P015',49,False,NULL,NULL,False,NULL,True,'Documents',False,NULL),
('L016',461.98,1.56,'P016',162,False,NULL,NULL,True,'Presidential Suite',False,NULL,NULL,NULL),
('L017',491.75,19.11,'P017',125,False,NULL,NULL,True,'Upper Class',False,NULL,NULL,NULL),
('L018',165.01,21.21,'P018',77,False,NULL,NULL,False,NULL,True,'Toiletries',False,NULL),
('L019',410.71,21.58,'P019',191,False,NULL,NULL,False,NULL,True,'Medication',False,NULL),
('L020',201.06,25.16,'P020',79,False,NULL,NULL,False,NULL,True,'Musical instrument',False,NULL),
('L021',156.24,29.26,'P021',115,True,'Tote bag',886,False,NULL,False,NULL,NULL,NULL),
('L022',325.40,46.16,'P022',123,False,NULL,NULL,False,NULL,True,'Shoes',False,NULL),
('L023',223.73,8.05,'P023',17,True,'Suitcase',602,False,NULL,False,NULL,NULL,NULL),
('L024',408.15,5.57,'P024',182,False,NULL,NULL,True,'Basic Economy',False,NULL,NULL,NULL),
('L025',385.12,38.69,'P025',3,False,NULL,NULL,True,'First Class',False,NULL,NULL,NULL),
('L026',381.25,39.07,'P026',109,False,NULL,NULL,True,'Comfort Plus',False,NULL,NULL,NULL),
('L027',237.04,47.63,'P027',151,True,'Tote bag',329,False,NULL,False,NULL,NULL,NULL),
('L028',65.98,3.54,'P028',160,False,NULL,NULL,True,'Royal Class',False,NULL,NULL,NULL),
('L029',384.07,24.75,'P029',109,False,NULL,NULL,False,NULL,True,'Art supplies',True,'Corrosive'),
('L030',487.55,18.79,'P030',61,True,'Tote bag',508,False,NULL,False,NULL,NULL,NULL),
('L031',53.06,30.65,'P031',170,False,NULL,NULL,False,NULL,True,'Sports equipment',False,NULL),
('L032',183.08,40.82,'P032',165,True,'Laptop bag',478,False,NULL,False,NULL,NULL,NULL),
('L033',125.68,30.14,'P033',198,True,'Weekender bag',911,False,NULL,False,NULL,NULL,NULL),
('L034',342.63,32.29,'P034',105,False,NULL,NULL,True,'First Class',False,NULL,NULL,NULL),
('L035',242.01,37.26,'P035',70,False,NULL,NULL,True,'Comfort Plus',False,NULL,NULL,NULL),
('L036',166.35,37.98,'P036',102,False,NULL,NULL,True,'Basic Economy',False,NULL,NULL,NULL),
('L037',103.63,4.20,'P037',94,False,NULL,NULL,False,NULL,True,'Clothing',False,NULL),
('L038',389.31,32.29,'P038',135,False,NULL,NULL,True,'Economy',False,NULL,NULL,NULL),
('L039',72.76,41.55,'P039',104,True,'Shoulder bag',700,False,NULL,False,NULL,NULL,NULL),
('L040',493.40,19.08,'P040',43,True,'Garment bag',345,False,NULL,False,NULL,NULL,NULL),
('L041',284.42,40.04,'P041',198,False,NULL,NULL,False,NULL,True,'Documents',False,NULL),
('L042',436.69,26.98,'P042',158,False,NULL,NULL,True,'Royal Class',False,NULL,NULL,NULL),
('L043',31.59,6.51,'P043',158,False,NULL,NULL,True,'Presidential Suite',False,NULL,NULL,NULL),
('L044',425.81,25.88,'P044',124,False,NULL,NULL,True,'Business',False,NULL,NULL,NULL),
('L045',30.24,44.53,'P045',93,False,NULL,NULL,False,NULL,True,'Furniture',False,NULL),
('L046',50.32,1.16,'P046',152,True,'Carry-on bag',443,False,NULL,False,NULL,NULL,NULL),
('L047',323.37,19.12,'P047',44,False,NULL,NULL,False,NULL,True,'Food items',False,NULL),
('L048',390.07,24.63,'P048',103,False,NULL,NULL,False,NULL,True,'Jewelry',True,'This side up'),
('L049',239.17,43.62,'P049',138,False,NULL,NULL,True,'Royal Class',False,NULL,NULL,NULL),
('L050',240.54,21.98,'P050',165,False,NULL,NULL,False,NULL,True,'Accessories',False,NULL),
('L051',40.87,22.21,'P051',104,False,NULL,NULL,False,NULL,True,'Home goods',False,NULL),
('L052',306.91,5.67,'P052',16,False,NULL,NULL,True,'Economy',False,NULL,NULL,NULL),
('L053',212.71,1.93,'P053',173,False,NULL,NULL,True,'Upper Class',False,NULL,NULL,NULL),
('L054',326.52,12.20,'P054',16,False,NULL,NULL,True,'Business',False,NULL,NULL,NULL),
('L055',316.44,39.41,'P055',70,False,NULL,NULL,False,NULL,True,'Medication',False,NULL),
('L056',337.34,48.34,'P056',20,False,NULL,NULL,True,'First Class',False,NULL,NULL,NULL),
('L057',333.82,13.43,'P057',124,True,'Satchel',800,False,NULL,False,NULL,NULL,NULL),
('L058',172.42,20.41,'P058',97,True,'Laptop bag',806,False,NULL,False,NULL,NULL,NULL),
('L059',418.43,14.13,'P059',93,False,NULL,NULL,True,'First Class',False,NULL,NULL,NULL),
('L060',355.66,20.60,'P060',103,True,'Duffel bag',589,False,NULL,False,NULL,NULL,NULL),
('L061',157.37,46.82,'P061',84,True,'Garment bag',850,False,NULL,False,NULL,NULL,NULL),
('L062',442.47,16.44,'P062',87,False,NULL,NULL,False,NULL,True,'Accessories',False,NULL),
('L063',451.48,45.67,'P063',115,False,NULL,NULL,True,'Executive Class',False,NULL,NULL,NULL),
('L064',88.92,8.60,'P064',197,False,NULL,NULL,True,'Business',False,NULL,NULL,NULL),
('L065',198.25,22.41,'P065',61,True,'Weekender bag',120,False,NULL,False,NULL,NULL,NULL),
('L066',86.33,8.99,'P066',157,True,'Garment bag',763,False,NULL,False,NULL,NULL,NULL),
('L067',349.48,28.05,'P067',186,True,'Hiking backpack',771,False,NULL,False,NULL,NULL,NULL),
('L068',302.68,41.89,'P068',145,True,'Spinner suitcase',975,False,NULL,False,NULL,NULL,NULL),
('L069',80.52,47.82,'P069',3,True,'Satchel',89,False,NULL,False,NULL,NULL,NULL),
('L070',274.20,26.13,'P070',126,False,NULL,NULL,True,'Standard Economy',False,NULL,NULL,NULL),
('L071',134.83,23.66,'P071',184,False,NULL,NULL,True,'Royal Class',False,NULL,NULL,NULL),
('L072',476.61,39.88,'P072',96,True,'Softshell suitcase',27,False,NULL,False,NULL,NULL,NULL),
('L073',143.81,34.90,'P073',67,True,'Duffel bag',883,False,NULL,False,NULL,NULL,NULL),
('L074',361.62,18.57,'P074',70,False,NULL,NULL,True,'Upper Class',False,NULL,NULL,NULL),
('L075',432.53,10.14,'P075',65,False,NULL,NULL,False,NULL,True,'Documents',False,NULL),
('L076',41.79,22.59,'P076',64,False,NULL,NULL,False,NULL,True,'Accessories',True,'Radioactive'),
('L077',401.35,1.43,'P077',116,False,NULL,NULL,True,'Executive Class',False,NULL,NULL,NULL),
('L078',61.37,24.56,'P078',124,False,NULL,NULL,True,'Standard Economy',False,NULL,NULL,NULL),
('L079',91.90,33.06,'P079',21,False,NULL,NULL,False,NULL,True,'Toiletries',True,'Explosive'),
('L080',454.55,17.48,'P080',102,True,'Travel backpack',206,False,NULL,False,NULL,NULL,NULL),
('L081',167.06,49.78,'P081',63,True,'Spinner suitcase',933,False,NULL,False,NULL,NULL,NULL),
('L082',475.56,15.04,'P082',148,False,NULL,NULL,False,NULL,True,'Toys',True,'Keep dry'),
('L083',160.65,32.61,'P083',195,True,'Softshell suitcase',94,False,NULL,False,NULL,NULL,NULL),
('L084',108.67,45.04,'P084',48,False,NULL,NULL,True,'Presidential Suite',False,NULL,NULL,NULL),
('L085',418.40,39.67,'P085',103,False,NULL,NULL,False,NULL,True,'Toiletries',False,NULL),
('L086',457.53,2.67,'P086',35,False,NULL,NULL,True,'Basic Economy',False,NULL,NULL,NULL),
('L087',132.81,28.19,'P087',190,False,NULL,NULL,False,NULL,True,'Cosmetics',False,NULL),
('L088',405.75,21.91,'P088',112,False,NULL,NULL,False,NULL,True,'Jewelry',True,'Keep dry'),
('L089',361.05,37.31,'P089',182,True,'Laptop bag',142,False,NULL,False,NULL,NULL,NULL),
('L090',183.79,49.16,'P090',52,False,NULL,NULL,False,NULL,True,'Art supplies',True,'Flammable'),
('L091',50.30,31.38,'P091',36,False,NULL,NULL,False,NULL,True,'Shoes',True,'Radioactive'),
('L092',79.36,16.81,'P092',84,False,NULL,NULL,False,NULL,True,'Medication',False,NULL),
('L093',164.89,13.89,'P093',102,False,NULL,NULL,False,NULL,True,'Office supplies',False,NULL),
('L094',330.71,48.37,'P094',183,True,'Garment bag',100,False,NULL,False,NULL,NULL,NULL),
('L095',437.70,6.15,'P095',30,False,NULL,NULL,False,NULL,True,'Medication',False,NULL),
('L096',253.82,11.09,'P096',45,False,NULL,NULL,False,NULL,True,'Sports equipment',False,NULL),
('L097',131.83,35.60,'P097',101,False,NULL,NULL,True,'Standard Economy',False,NULL,NULL,NULL),
('L098',437.04,7.03,'P098',179,True,'Weekender bag',26,False,NULL,False,NULL,NULL,NULL),
('L099',498.83,29.53,'P099',118,False,NULL,NULL,True,'Business',False,NULL,NULL,NULL),
('L100',38.12,35.58,'P100',39,False,NULL,NULL,True,'Premium Economy',False,NULL,NULL,NULL),
('L101',64.10,7.97,'P101',54,False,NULL,NULL,True,'Executive Class',False,NULL,NULL,NULL),
('L102',164.02,13.92,'P102',21,False,NULL,NULL,False,NULL,True,'Art supplies',True,'Keep dry'),
('L103',437.09,26.94,'P103',143,False,NULL,NULL,False,NULL,True,'Sports equipment',True,'Do not stack'),
('L104',395.59,4.95,'P104',138,False,NULL,NULL,False,NULL,True,'Food items',True,'Fragile'),
('L105',494.56,22.22,'P105',141,False,NULL,NULL,False,NULL,True,'Toys',False,NULL),
('L106',485.07,33.82,'P106',149,True,'Briefcase',487,False,NULL,False,NULL,NULL,NULL),
('L107',352.41,6.67,'P107',181,True,'Satchel',1000,False,NULL,False,NULL,NULL,NULL),
('L108',104.27,2.86,'P108',4,True,'Rolling suitcase',318,False,NULL,False,NULL,NULL,NULL),
('L109',96.03,4.88,'P109',107,False,NULL,NULL,False,NULL,True,'Musical instrument',False,NULL),
('L110',109.86,5.15,'P110',42,True,'Trunk',603,False,NULL,False,NULL,NULL,NULL),
('L111',65.93,35.06,'P111',108,False,NULL,NULL,False,NULL,True,'Furniture',True,'Keep frozen'),
('L112',137.24,3.27,'P112',162,False,NULL,NULL,False,NULL,True,'Documents',False,NULL),
('L113',149.45,39.19,'P113',140,False,NULL,NULL,False,NULL,True,'Sports equipment',False,NULL),
('L114',89.96,49.95,'P114',24,True,'Softshell suitcase',54,False,NULL,False,NULL,NULL,NULL),
('L115',192.50,44.17,'P115',17,True,'Laptop bag',508,False,NULL,False,NULL,NULL,NULL),
('L116',268.28,12.32,'P116',113,True,'Trunk',161,False,NULL,False,NULL,NULL,NULL),
('L117',374.66,34.11,'P117',139,False,NULL,NULL,False,NULL,True,'Clothing',True,'Flammable'),
('L118',61.30,31.91,'P118',8,True,'Carry-on bag',567,False,NULL,False,NULL,NULL,NULL),
('L119',378.98,48.98,'P119',187,False,NULL,NULL,False,NULL,True,'Accessories',False,NULL),
('L120',179.31,26.17,'P120',18,False,NULL,NULL,False,NULL,True,'Art supplies',True,'Do not crush'),
('L121',395.96,34.76,'P121',191,True,'Carry-on bag',280,False,NULL,False,NULL,NULL,NULL),
('L122',253.28,38.03,'P122',189,False,NULL,NULL,False,NULL,True,'Toys',False,NULL),
('L123',392.84,8.39,'P123',162,False,NULL,NULL,False,NULL,True,'Books',False,NULL),
('L124',214.74,35.62,'P124',195,False,NULL,NULL,False,NULL,True,'Books',False,NULL),
('L125',71.50,25.49,'P125',1,False,NULL,NULL,True,'Standard Economy',False,NULL,NULL,NULL),
('L126',385.65,11.88,'P126',29,False,NULL,NULL,True,'Executive Class',False,NULL,NULL,NULL),
('L127',396.11,31.90,'P127',120,False,NULL,NULL,False,NULL,True,'Accessories',False,NULL),
('L128',286.05,3.80,'P128',100,False,NULL,NULL,False,NULL,True,'Toiletries',True,'Do not crush'),
('L129',202.80,45.85,'P129',172,False,NULL,NULL,False,NULL,True,'Furniture',False,NULL),
('L130',330.69,4.50,'P130',67,False,NULL,NULL,False,NULL,True,'Documents',True,'Explosive'),
('L131',71.00,8.84,'P131',200,False,NULL,NULL,True,'Royal Class',False,NULL,NULL,NULL),
('L132',42.81,3.39,'P132',89,True,'Messenger bag',183,False,NULL,False,NULL,NULL,NULL),
('L133',188.73,45.46,'P133',26,False,NULL,NULL,False,NULL,True,'Toiletries',True,'Keep dry'),
('L134',124.72,18.90,'P134',184,False,NULL,NULL,False,NULL,True,'Musical instrument',True,'Keep dry'),
('L135',133.33,24.48,'P135',4,False,NULL,NULL,False,NULL,True,'Cosmetics',True,'Compressed gas'),
('L136',483.40,46.05,'P136',8,True,'Travel backpack',202,False,NULL,False,NULL,NULL,NULL),
('L137',57.05,45.71,'P137',191,False,NULL,NULL,False,NULL,True,'Food items',False,NULL),
('L138',160.87,5.36,'P138',110,False,NULL,NULL,False,NULL,True,'Office supplies',False,NULL),
('L139',28.57,23.21,'P139',42,True,'Weekender bag',979,False,NULL,False,NULL,NULL,NULL),
('L140',67.74,15.31,'P140',193,True,'Backpack',542,False,NULL,False,NULL,NULL,NULL),
('L141',45.14,19.37,'P141',6,False,NULL,NULL,False,NULL,True,'Food items',False,NULL),
('L142',495.04,3.47,'P142',130,True,'Garment bag',932,False,NULL,False,NULL,NULL,NULL),
('L143',53.03,24.52,'P143',70,True,'Duffel bag',327,False,NULL,False,NULL,NULL,NULL),
('L144',226.94,27.23,'P144',1,True,'Hiking backpack',845,False,NULL,False,NULL,NULL,NULL),
('L145',245.03,40.72,'P145',27,False,NULL,NULL,True,'Comfort Plus',False,NULL,NULL,NULL),
('L146',491.17,11.25,'P146',60,False,NULL,NULL,False,NULL,True,'Home goods',True,'Handle with care'),
('L147',42.21,28.57,'P147',95,True,'Briefcase',517,False,NULL,False,NULL,NULL,NULL),
('L148',225.23,7.41,'P148',163,False,NULL,NULL,False,NULL,True,'Toys',True,'Compressed gas'),
('L149',26.10,15.00,'P149',177,False,NULL,NULL,False,NULL,True,'Clothing',False,NULL),
('L150',420.89,33.08,'P150',137,False,NULL,NULL,True,'Executive Class',False,NULL,NULL,NULL),
('L151',94.86,41.43,'P151',118,False,NULL,NULL,True,'Economy',False,NULL,NULL,NULL),
('L152',132.81,3.22,'P152',111,False,NULL,NULL,False,NULL,True,'Accessories',True,'Do not stack'),
('L153',320.98,6.00,'P153',163,False,NULL,NULL,True,'Standard Economy',False,NULL,NULL,NULL),
('L154',30.54,6.99,'P154',66,False,NULL,NULL,False,NULL,True,'Office supplies',False,NULL),
('L155',90.26,4.93,'P155',17,True,'Duffel bag',587,False,NULL,False,NULL,NULL,NULL),
('L156',239.83,41.48,'P156',195,False,NULL,NULL,False,NULL,True,'Furniture',True,'Keep dry'),
('L157',26.19,49.41,'P157',36,True,'Spinner suitcase',855,False,NULL,False,NULL,NULL,NULL),
('L158',332.21,41.44,'P158',127,False,NULL,NULL,False,NULL,True,'Toiletries',False,NULL),
('L159',25.14,37.80,'P159',82,False,NULL,NULL,False,NULL,True,'Toys',True,'Corrosive'),
('L160',262.96,42.10,'P160',161,False,NULL,NULL,True,'Basic Economy',False,NULL,NULL,NULL),
('L161',403.38,41.94,'P161',198,False,NULL,NULL,True,'First Class',False,NULL,NULL,NULL),
('L162',177.25,18.52,'P162',13,False,NULL,NULL,False,NULL,True,'Medication',True,'Do not bend'),
('L163',59.18,23.08,'P163',87,False,NULL,NULL,False,NULL,True,'Books',False,NULL),
('L164',166.41,11.23,'P164',56,False,NULL,NULL,False,NULL,True,'Jewelry',True,'Keep frozen'),
('L165',229.46,29.88,'P165',20,False,NULL,NULL,False,NULL,True,'Medication',False,NULL),
('L166',378.25,38.67,'P166',164,True,'Tote bag',471,False,NULL,False,NULL,NULL,NULL),
('L167',364.07,31.57,'P167',41,False,NULL,NULL,True,'Comfort Plus',False,NULL,NULL,NULL),
('L168',354.18,3.01,'P168',48,False,NULL,NULL,True,'Executive Class',False,NULL,NULL,NULL),
('L169',14.95,12.80,'P169',84,False,NULL,NULL,False,NULL,True,'Shoes',False,NULL),
('L170',46.27,49.37,'P170',33,False,NULL,NULL,False,NULL,True,'Books',True,'Toxic'),
('L171',62.28,46.13,'P171',128,False,NULL,NULL,True,'Standard Economy',False,NULL,NULL,NULL),
('L172',210.52,6.47,'P172',187,False,NULL,NULL,True,'Business',False,NULL,NULL,NULL),
('L173',302.96,37.90,'P173',70,False,NULL,NULL,True,'Executive Class',False,NULL,NULL,NULL),
('L174',498.12,34.39,'P174',144,False,NULL,NULL,False,NULL,True,'Art supplies',True,'Toxic'),
('L175',125.58,18.18,'P175',20,False,NULL,NULL,True,'Executive Class',False,NULL,NULL,NULL),
('L176',14.86,31.96,'P176',38,False,NULL,NULL,False,NULL,True,'Jewelry',False,NULL),
('L177',182.85,33.69,'P177',160,False,NULL,NULL,True,'First Class',False,NULL,NULL,NULL),
('L178',69.86,36.65,'P178',199,True,'Backpack',453,False,NULL,False,NULL,NULL,NULL),
('L179',185.07,29.51,'P179',5,True,'Spinner suitcase',64,False,NULL,False,NULL,NULL,NULL),
('L180',133.59,31.33,'P180',64,True,'Messenger bag',116,False,NULL,False,NULL,NULL,NULL),
('L181',39.49,23.42,'P181',37,True,'Garment bag',95,False,NULL,False,NULL,NULL,NULL),
('L182',205.31,6.72,'P182',28,True,'Waist pack',374,False,NULL,False,NULL,NULL,NULL),
('L183',438.58,37.47,'P183',172,False,NULL,NULL,True,'Deluxe Economy',False,NULL,NULL,NULL),
('L184',294.83,46.99,'P184',80,True,'Carry-on bag',364,False,NULL,False,NULL,NULL,NULL),
('L185',152.28,9.85,'P185',125,False,NULL,NULL,True,'Comfort Plus',False,NULL,NULL,NULL),
('L186',274.42,9.40,'P186',191,False,NULL,NULL,True,'Deluxe Economy',False,NULL,NULL,NULL),
('L187',155.29,32.49,'P187',65,False,NULL,NULL,True,'Comfort Plus',False,NULL,NULL,NULL),
('L188',262.04,1.00,'P188',131,False,NULL,NULL,True,'Executive Class',False,NULL,NULL,NULL),
('L189',153.58,15.39,'P189',180,False,NULL,NULL,True,'Premium Economy',False,NULL,NULL,NULL),
('L190',322.98,13.52,'P190',88,True,'Suitcase',199,False,NULL,False,NULL,NULL,NULL),
('L191',161.16,32.39,'P191',43,True,'Shoulder bag',397,False,NULL,False,NULL,NULL,NULL),
('L192',240.75,40.48,'P192',21,True,'Spinner suitcase',19,False,NULL,False,NULL,NULL,NULL),
('L193',369.40,13.39,'P193',161,True,'Briefcase',239,False,NULL,False,NULL,NULL,NULL),
('L194',186.26,22.58,'P194',188,False,NULL,NULL,False,NULL,True,'Food items',True,'Keep away from heat'),
('L195',63.01,32.74,'P195',1,True,'Carry-on bag',161,False,NULL,False,NULL,NULL,NULL),
('L196',222.23,6.95,'P196',63,False,NULL,NULL,False,NULL,True,'Documents',False,NULL),
('L197',280.43,8.10,'P197',22,True,'Rolling suitcase',887,False,NULL,False,NULL,NULL,NULL),
('L198',264.47,38.06,'P198',31,False,NULL,NULL,True,'Business',False,NULL,NULL,NULL),
('L199',447.80,3.10,'P199',59,True,'Briefcase',81,False,NULL,False,NULL,NULL,NULL),
('L200',132.42,42.14,'P200',142,True,'Suitcase',535,False,NULL,False,NULL,NULL,NULL);

INSERT INTO status (ArrivalLocation , WeatherCondition , DepartureTime , CurrentTime , FK_FlightID)
VALUES
('Lake Jose','Windy','2002-02-23 08:58:42','2015-11-18 20:58:24',1),
('North Timothy','Cloudy','2025-01-06 06:12:47','2022-11-10 21:17:41',2),
('Lake Rodneybury','Rainy','2007-08-02 19:09:46','2000-08-24 12:37:51',3),
('Davidside','Rainy','2002-02-08 17:57:41','2022-07-20 00:49:26',4),
('Port Nicholas','Windy','2017-12-16 12:14:27','2015-06-07 18:48:55',5),
('Lake Mariatown','Cloudy','2003-10-08 15:26:02','2001-08-25 13:05:17',6),
('Mullinstown','Rainy','2022-11-26 10:14:49','2025-05-06 22:22:06',7),
('Port Christopherhaven','Foggy','2016-12-06 07:12:51','2011-04-17 08:58:04',8),
('North Patriciafort','Snowy','2000-11-05 00:54:05','2009-05-16 15:12:12',9),
('Phillipsshire','Rainy','2008-03-21 18:45:38','2007-10-12 06:04:35',10),
('South Emilyfurt','Sunny','2009-12-06 09:34:02','2003-12-15 19:42:43',11),
('Brewerhaven','Sunny','2018-12-17 20:46:40','2003-03-09 17:23:09',12),
('Fernandezburgh','Rainy','2003-03-25 06:49:46','2011-11-12 01:27:52',13),
('Clarkeview','Snowy','2010-08-02 03:06:13','2012-04-21 08:06:14',14),
('New Stevenborough','Foggy','2003-05-12 01:12:50','2019-10-21 06:44:12',15),
('Weissmouth','Sunny','2005-03-10 15:54:01','2014-10-06 17:48:45',16),
('Amyton','Rainy','2016-10-17 22:38:35','2023-11-25 10:37:13',17),
('North Lindafurt','Windy','2024-07-16 07:31:53','2017-06-12 08:36:20',18),
('New Jessica','Snowy','2012-12-20 11:48:43','2009-01-22 09:48:29',19),
('Lake Dakota','Sunny','2017-06-01 18:44:50','2025-12-16 09:44:00',20),
('Guerraview','Rainy','2017-01-28 01:41:35','2021-01-11 20:50:31',21),
('East Alejandromouth','Sunny','2015-11-20 19:45:46','2022-03-24 07:21:04',22),
('Port Jack','Sunny','2007-03-08 17:40:43','2014-05-11 01:49:08',23),
('South Jenniferview','Cloudy','2013-03-12 23:04:37','2016-07-01 19:42:05',24),
('Murphyshire','Cloudy','2003-11-24 03:20:58','2018-11-01 16:05:05',25),
('Smithfurt','Snowy','2001-06-03 07:34:23','2002-09-08 04:42:27',26),
('Lewisberg','Foggy','2021-10-20 21:18:42','2021-10-07 15:57:43',27),
('Bryanport','Foggy','2025-11-07 05:56:38','2020-02-27 09:57:23',28),
('Patriciaberg','Foggy','2022-07-11 14:21:07','2016-10-12 13:26:49',29),
('Daveland','Cloudy','2001-12-28 22:25:14','2025-06-28 04:15:15',30),
('New Jerry','Windy','2018-11-15 15:33:53','2013-05-08 03:10:44',31),
('Woodwardfurt','Windy','2006-04-01 08:13:08','2025-02-22 14:54:33',32),
('West Teresa','Snowy','2016-06-06 15:44:07','2012-12-14 08:52:35',33),
('North Gabrielle','Snowy','2002-05-12 13:21:51','2008-03-17 17:52:38',34),
('Lake Pamelaport','Sunny','2005-05-05 23:49:22','2020-09-21 16:09:36',35),
('Davidfurt','Windy','2022-02-20 22:33:47','2002-07-16 12:29:28',36),
('Wrighthaven','Sunny','2020-10-27 17:41:38','2012-01-02 03:27:03',37),
('East Kevin','Snowy','2003-06-06 16:24:14','2023-05-12 22:01:04',38),
('East Tiffanyside','Foggy','2003-06-23 16:26:45','2025-05-12 06:30:59',39),
('Andrewside','Cloudy','2011-03-24 03:19:13','2001-07-18 02:59:59',40),
('North Christopherside','Rainy','2002-03-23 05:29:57','2004-10-25 22:02:57',41),
('North Wesley','Foggy','2007-12-03 02:52:23','2021-12-07 03:54:21',42),
('Delgadotown','Snowy','2010-02-06 11:46:46','2011-07-03 17:26:41',43),
('Pattersonborough','Sunny','2018-05-11 07:27:16','2012-04-03 02:06:45',44),
('Danielshire','Cloudy','2020-08-27 01:44:23','2006-03-14 04:17:45',45),
('East Darrenmouth','Sunny','2021-07-10 06:27:13','2020-04-22 14:11:43',46),
('Murraymouth','Windy','2003-01-20 17:58:49','2013-02-08 18:28:50',47),
('Port Paulton','Foggy','2022-11-23 22:51:46','2015-11-06 01:05:11',48),
('East Jacob','Sunny','2022-07-02 01:03:39','2008-11-02 09:02:11',49),
('North Ashleytown','Cloudy','2016-02-17 14:37:47','2002-12-10 14:17:13',50),
('West Trevorview','Sunny','2023-10-26 06:52:52','2025-09-17 03:08:54',51),
('Timothymouth','Snowy','2000-08-03 07:45:43','2010-07-11 16:51:47',52),
('East Eric','Sunny','2022-11-24 20:09:28','2000-01-20 22:51:16',53),
('South Edwardview','Rainy','2016-05-12 08:13:34','2024-12-28 19:28:50',54),
('North Toddfurt','Cloudy','2014-01-08 04:59:19','2023-05-19 20:09:35',55),
('West Veronica','Cloudy','2005-09-04 04:31:31','2003-01-02 10:11:19',56),
('North Ronaldfort','Cloudy','2021-03-22 18:44:06','2017-08-23 12:54:32',57),
('Port Danielleview','Sunny','2021-11-22 15:23:51','2025-03-09 12:27:24',58),
('Hollyfort','Snowy','2011-01-13 17:21:09','2007-11-14 04:10:44',59),
('Munozmouth','Foggy','2017-01-12 20:58:09','2005-06-17 00:10:46',60),
('Orozcoville','Cloudy','2015-12-23 17:26:18','2011-10-03 20:49:53',61),
('Rachelshire','Foggy','2022-07-16 10:46:12','2006-02-26 19:01:02',62),
('East Valerieburgh','Foggy','2005-09-09 21:30:08','2018-10-09 19:18:58',63),
('Sherrytown','Sunny','2003-02-16 14:35:12','2022-07-13 17:57:16',64),
('Victoriafurt','Cloudy','2021-07-18 01:28:11','2020-03-23 22:20:52',65),
('Hammondberg','Cloudy','2009-08-16 01:58:20','2018-01-17 22:06:00',66),
('South Leahmouth','Windy','2015-06-16 03:31:02','2021-11-09 23:45:58',67),
('Port Katie','Foggy','2020-06-22 19:59:47','2018-04-25 13:23:36',68),
('Cruzshire','Sunny','2017-05-13 23:58:24','2010-03-24 22:53:45',69),
('West Kellybury','Windy','2005-12-18 14:56:32','2007-07-19 08:43:45',70),
('West Jennifer','Cloudy','2019-11-04 13:41:34','2007-05-05 04:27:11',71),
('Browntown','Rainy','2008-09-07 22:14:05','2003-03-26 10:18:28',72),
('Brendaland','Foggy','2016-06-24 14:52:11','2015-05-11 08:05:46',73),
('East Melissa','Windy','2014-12-03 08:57:48','2016-06-14 10:18:59',74),
('South Sheila','Snowy','2000-09-17 06:28:48','2017-08-11 06:33:23',75),
('Hutchinsonbury','Snowy','2015-12-12 12:56:37','2008-12-13 15:10:13',76),
('Danielton','Foggy','2002-07-02 22:36:30','2017-09-04 11:27:04',77),
('Williamstad','Cloudy','2009-12-14 19:01:19','2020-05-18 04:10:21',78),
('Port Daniel','Foggy','2022-08-03 11:04:52','2005-03-02 23:19:17',79),
('Hudsonchester','Cloudy','2016-10-11 16:32:41','2018-11-10 23:14:05',80),
('Davidbury','Rainy','2015-06-10 23:34:17','2014-11-02 11:54:54',81),
('West Matthew','Snowy','2004-07-14 06:21:30','2002-07-07 15:38:33',82),
('North Jenny','Snowy','2022-03-14 19:29:36','2019-02-14 00:12:40',83),
('West Amandaland','Sunny','2000-10-13 11:04:34','2023-05-26 09:19:27',84),
('Mariaville','Foggy','2003-12-20 09:36:52','2025-04-17 07:05:54',85),
('New Ianland','Rainy','2014-02-06 13:52:28','2001-01-06 12:27:19',86),
('Langside','Foggy','2006-12-21 19:51:29','2002-09-05 21:55:31',87),
('Karenfort','Foggy','2007-12-26 08:27:14','2025-07-27 10:56:55',88),
('South Jacob','Foggy','2013-02-06 12:14:59','2016-07-16 15:39:49',89),
('Ruizton','Snowy','2015-08-27 08:46:00','2000-07-24 21:28:16',90),
('West Christopherport','Snowy','2001-07-26 03:26:32','2025-09-06 12:31:48',91),
('Gordonville','Snowy','2019-04-24 02:45:41','2020-01-03 07:18:30',92),
('West Juliehaven','Sunny','2006-09-06 20:25:40','2018-02-07 06:13:18',93),
('West Christinechester','Rainy','2023-02-06 01:07:12','2019-04-27 17:50:05',94),
('South Davidside','Foggy','2022-01-20 14:29:16','2020-12-08 14:22:16',95),
('Elizabethton','Snowy','2001-05-03 01:45:11','2009-01-05 01:49:22',96),
('West Jeffrey','Windy','2011-12-05 04:17:23','2013-06-28 20:10:30',97),
('North Elizabeth','Sunny','2021-07-10 03:33:40','2009-03-16 22:57:41',98),
('Port Michaelmouth','Cloudy','2014-04-10 17:01:01','2012-10-03 11:41:36',99),
('Allisonstad','Foggy','2005-08-12 18:25:54','2005-02-14 17:51:42',100),
('East Dominique','Sunny','2021-09-25 07:43:02','2021-03-23 19:27:11',101),
('North Leslie','Sunny','2007-09-17 19:19:16','2010-03-03 14:36:03',102),
('Simpsonville','Windy','2002-10-05 04:08:15','2004-06-02 15:00:50',103),
('Ramirezfurt','Sunny','2010-04-03 14:50:18','2016-06-14 06:43:09',104),
('Vincentstad','Sunny','2023-10-28 19:19:59','2021-09-21 10:02:04',105),
('East Earltown','Foggy','2023-05-05 09:50:32','2021-09-04 11:14:53',106),
('Jamesstad','Snowy','2014-06-05 03:26:01','2003-08-23 06:26:08',107),
('Wilkersonfurt','Sunny','2012-02-28 13:52:55','2007-05-18 01:52:14',108),
('Stacyshire','Rainy','2013-10-20 11:32:34','2020-12-06 10:44:11',109),
('Patriciaton','Sunny','2006-06-23 17:40:27','2010-11-11 21:34:37',110),
('South Marissatown','Cloudy','2010-04-24 02:26:04','2022-09-18 03:03:09',111),
('Garciachester','Snowy','2010-04-19 02:57:26','2013-06-24 04:57:32',112),
('Michaelhaven','Foggy','2010-09-27 06:17:09','2025-01-10 13:28:55',113),
('South Jaredton','Windy','2009-01-21 06:13:07','2004-06-24 12:05:08',114),
('South Ernest','Foggy','2017-03-10 19:47:24','2015-07-01 23:54:53',115),
('Lake Wesleyside','Foggy','2023-02-15 20:16:05','2012-03-11 17:07:01',116),
('Raymondberg','Windy','2006-06-02 14:14:37','2003-08-19 05:00:59',117),
('East Karen','Windy','2018-10-19 05:59:41','2001-06-19 15:01:01',118),
('Lake Elizabeth','Cloudy','2000-06-23 15:49:14','2015-05-11 19:09:58',119),
('Port Thomasview','Snowy','2010-08-01 00:28:26','2023-11-07 07:59:03',120),
('North Suzanne','Windy','2009-04-25 02:26:22','2015-08-21 14:23:57',121),
('Seanshire','Snowy','2011-08-26 01:44:43','2011-01-08 14:36:07',122),
('South Regina','Cloudy','2013-08-05 17:37:18','2014-05-12 17:16:46',123),
('East Connor','Cloudy','2001-10-10 22:51:32','2014-06-27 15:11:34',124),
('New Karenside','Rainy','2020-05-07 11:59:17','2000-08-28 14:46:38',125),
('Lake Janet','Windy','2002-10-22 02:18:44','2009-08-26 23:31:13',126),
('Louisport','Snowy','2024-08-05 06:52:12','2025-07-11 16:34:36',127),
('West Teresashire','Rainy','2014-03-12 01:32:39','2001-04-19 16:10:58',128),
('Dunlapside','Foggy','2023-06-08 04:21:37','2014-10-24 18:06:08',129),
('Jasonchester','Cloudy','2020-06-27 17:59:25','2000-09-03 09:56:31',130),
('Baileyberg','Foggy','2008-09-19 13:46:53','2022-06-25 15:54:55',131),
('Lauraland','Cloudy','2017-12-10 11:30:50','2013-02-16 10:07:10',132),
('Jamesville','Sunny','2016-01-06 21:53:15','2016-06-25 07:25:31',133),
('East Kaylaburgh','Cloudy','2018-10-04 09:36:32','2019-03-19 03:46:33',134),
('Baileyberg','Foggy','2020-01-20 10:32:14','2005-08-18 08:32:34',135),
('Lake Garyport','Rainy','2003-02-03 17:57:48','2014-11-10 09:09:51',136),
('Tonymouth','Cloudy','2002-07-18 11:48:48','2008-05-16 14:47:40',137),
('West Kyle','Windy','2020-10-22 07:04:23','2002-06-05 13:56:25',138),
('Monicamouth','Snowy','2019-07-21 19:02:30','2012-02-19 20:17:30',139),
('Jasonberg','Foggy','2023-05-03 10:39:20','2015-09-04 11:40:28',140),
('Feliciaton','Foggy','2016-11-13 09:34:57','2008-01-03 04:49:00',141),
('West Monique','Sunny','2000-09-28 12:58:01','2012-02-06 07:13:14',142),
('Port Judy','Foggy','2002-08-02 23:02:31','2021-06-28 14:50:29',143),
('Faithbury','Rainy','2021-07-04 10:51:33','2022-03-09 12:15:42',144),
('Amberberg','Foggy','2009-07-08 16:57:00','2025-07-11 16:16:58',145),
('North Carrietown','Foggy','2018-04-13 19:11:03','2023-05-13 06:46:08',146),
('Nancyville','Snowy','2014-06-11 01:00:07','2020-02-02 07:50:41',147),
('Greenville','Snowy','2017-12-18 06:35:35','2004-05-02 03:34:49',148),
('Kramerburgh','Windy','2009-10-01 02:52:29','2007-08-22 20:09:29',149),
('New Rhondatown','Sunny','2015-02-13 02:11:15','2020-04-16 21:21:20',150),
('Taylorfort','Sunny','2002-05-28 11:03:20','2012-12-04 12:57:35',151),
('North Frank','Cloudy','2003-09-18 04:05:35','2025-06-17 00:55:02',152),
('Victoriaborough','Cloudy','2008-12-14 00:25:59','2006-11-22 03:47:14',153),
('Lake Ryan','Windy','2005-05-13 02:43:54','2002-08-24 10:28:17',154),
('East Jessica','Foggy','2015-04-07 12:40:30','2000-04-26 09:57:15',155),
('Kaylaside','Rainy','2013-04-06 09:59:53','2014-07-14 17:07:43',156),
('Port George','Sunny','2007-10-20 21:22:19','2004-10-16 15:10:17',157),
('New Austin','Windy','2019-03-18 03:49:32','2019-05-25 09:04:54',158),
('Sanchezstad','Windy','2001-02-26 23:51:23','2016-10-06 20:48:15',159),
('Port Jodyside','Rainy','2006-05-06 21:39:06','2021-01-09 23:00:27',160),
('Lake Nathanhaven','Rainy','2006-06-21 04:30:20','2009-11-22 16:28:53',161),
('Jamesstad','Windy','2012-10-12 13:14:37','2025-10-10 11:41:45',162),
('New Michaelberg','Sunny','2016-12-28 20:38:27','2002-06-27 18:33:04',163),
('South Julie','Windy','2008-03-05 21:31:20','2018-04-19 12:25:36',164),
('New Meaganside','Foggy','2003-08-27 20:26:43','2022-09-22 13:17:54',165),
('West Robertmouth','Rainy','2024-01-03 02:05:25','2009-08-14 13:31:02',166),
('North Lindaville','Cloudy','2016-01-14 07:49:54','2022-01-12 05:39:00',167),
('East Crystalfort','Cloudy','2012-06-18 23:44:30','2006-09-26 15:21:20',168),
('West Ronaldfort','Rainy','2025-11-11 08:11:47','2020-06-08 17:38:18',169),
('East Christopherton','Cloudy','2008-05-17 08:24:51','2000-09-09 23:34:30',170),
('Port Bethany','Foggy','2019-09-14 05:04:17','2014-12-02 23:48:05',171),
('Garciatown','Rainy','2012-01-17 09:55:52','2001-06-09 05:41:32',172),
('North Jeremy','Foggy','2023-11-05 01:15:13','2021-02-09 08:01:11',173),
('Lake Tiffany','Cloudy','2010-10-21 07:31:30','2025-03-12 10:29:28',174),
('Barnettstad','Rainy','2010-04-23 11:42:17','2014-08-23 00:26:25',175),
('Alexisview','Snowy','2021-05-23 02:13:00','2001-08-21 18:50:36',176),
('Hernandezstad','Cloudy','2021-09-24 22:56:11','2011-04-02 04:29:54',177),
('New Whitney','Foggy','2016-10-23 02:19:44','2021-02-11 10:16:09',178),
('Wilsonville','Foggy','2004-01-25 19:18:30','2017-01-22 00:43:07',179),
('Swansonland','Foggy','2015-03-22 11:22:41','2013-06-26 19:19:10',180),
('Blackwellberg','Windy','2024-09-10 20:00:43','2011-12-22 06:23:46',181),
('West Jessicatown','Snowy','2014-05-20 13:11:56','2005-08-20 11:36:03',182),
('Moorechester','Windy','2021-12-24 10:03:20','2004-10-24 11:22:42',183),
('Cannonburgh','Rainy','2002-03-25 14:26:06','2024-06-01 23:51:28',184),
('Garciaside','Sunny','2004-04-14 20:23:16','2013-02-25 23:10:32',185),
('North Zacharymouth','Rainy','2020-02-19 15:10:12','2002-05-15 06:39:35',186),
('East Julia','Foggy','2008-04-14 16:23:10','2000-01-23 10:18:23',187),
('East Scott','Cloudy','2010-05-11 21:54:06','2001-01-28 09:19:40',188),
('West Carolyn','Rainy','2011-02-23 12:55:34','2018-06-05 08:00:05',189),
('West Brett','Snowy','2025-02-08 18:04:19','2003-04-22 03:45:25',190),
('East Matthew','Sunny','2005-04-20 06:14:03','2016-03-15 21:17:37',191),
('North Carrie','Snowy','2013-05-24 05:04:22','2014-08-11 10:03:29',192),
('Elizabethburgh','Foggy','2019-02-16 07:16:45','2019-12-28 14:31:47',193),
('North Edwardchester','Snowy','2013-06-05 07:28:43','2014-11-23 10:41:58',194),
('Colestad','Windy','2019-07-21 00:08:32','2009-05-20 02:52:25',195),
('West Jonathanville','Rainy','2016-09-22 17:35:45','2018-05-14 23:00:08',196),
('Kempchester','Windy','2002-04-03 18:21:48','2010-01-23 19:50:47',197),
('Katieport','Sunny','2010-12-20 05:32:34','2023-11-19 20:11:14',198),
('Galvanfurt','Cloudy','2015-10-21 13:43:14','2009-12-25 18:09:11',199),
('West Jennifershire','Snowy','2011-12-22 11:02:40','2018-06-22 22:20:22',200);

INSERT INTO account (AccountID, TravelMiles, Password, CreditCardNumber, CVV, FK_PassengerID)
VALUES
(1, 94, 'kLka34Gf1b', '3728933667926194', '875', 'P001'),
(2, 35, 'GQYLcHB1PC', '3966306374602305', '750', 'P002'),
(3, 184, 'pmvn6pw5in', '8672767386118207', '949', 'P003'),
(4, 95, 'hKCgYKHztA', '7624207374136987', '152', 'P004'),
(5, 9, 'C1oNoDJ1Kq', '4939550164148745', '236', 'P005'),
(6, 8, 'DS71pUpzaA', '1446387439670946', '394', 'P006'),
(7, 86, 'lAjblcnzpA', '9537643952363836', '976', 'P007'),
(8, 77, 'YCF20FC0bP', '6966382392825300', '146', 'P008'),
(9, 122, 'P1sskwkYHi', '0682680641502792', '824', 'P009'),
(10, 138, 'aqI96XPx3J', '0360877966472571', '766', 'P010'),
(11, 140, 'EdpN66ZCwT', '9053660209106697', '477', 'P011'),
(12, 49, 'MBiZK0lHRG', '1635386784820165', '709', 'P012'),
(13, 2, 'IcdOmSDdDn', '5427416248926462', '738', 'P013'),
(14, 123, '70kyfsXdbF', '7807611143635208', '104', 'P014'),
(15, 7, 'x16LTRgf3z', '7257767929966220', '757', 'P015'),
(16, 179, 'ROA9cpGRFm', '1532187862794004', '164', 'P016'),
(17, 189, '04rVGT4ARN', '3123094551695748', '198', 'P017'),
(18, 46, 'Droit1VIsV', '7299501891912818', '676', 'P018'),
(19, 196, 'q7yxMI9GkE', '4312461004340948', '721', 'P019'),
(20, 195, 'lMsyobgpU8', '0265476706450014', '778', 'P020'),
(21, 149, 'at72xWbVpO', '4725836484906072', '634', 'P021'),
(22, 151, 'GEnHVjjX69', '6897434401261145', '728', 'P022'),
(23, 7, 'Fg48YJurRs', '5414964142589419', '866', 'P023'),
(24, 138, '53PCfxvv4Z', '2880403813689662', '526', 'P024'),
(25, 42, '2OeaAhrJK2', '3412737334422782', '562', 'P025'),
(26, 23, 'yVCsFhAmAi', '2702927423753820', '756', 'P026'),
(27, 45, '6DQpa3RAOd', '1248181722435373', '510', 'P027'),
(28, 56, 'ol8HbWo9ZL', '9510846783963347', '203', 'P028'),
(29, 141, 'VRIYJMM8B8', '7882070521590514', '438', 'P029'),
(30, 187, 'RyxGvs8g0h', '9554896547813293', '443', 'P030'),
(31, 121, '2TxWsRKqGn', '8723341009090257', '152', 'P031'),
(32, 54, 'jCaaGGQS6P', '8803527314686159', '588', 'P032'),
(33, 12, 'EW1U0NWrPr', '8190264765505454', '822', 'P033'),
(34, 3, 'etCqCTRAkq', '7302944977866999', '319', 'P034'),
(35, 133, 'sapZxHMOkC', '2804434682888229', '111', 'P035'),
(36, 48, 'bjyCj3WGfE', '0790694461624716', '514', 'P036'),
(37, 5, 'VEr1TrrSeF', '8259857164609909', '350', 'P037'),
(38, 132, 'uJC7ndhvh1', '2100260322586012', '942', 'P038'),
(39, 125, 'IQkqEpEyaJ', '6966050475145917', '957', 'P039'),
(40, 19, 'yLfA9LTCj7', '8118481024245830', '844', 'P040'),
(41, 87, 'DjCcbleKo3', '8888323498785044', '421', 'P041'),
(42, 131, 'zzmQpfqWyY', '9111546281201251', '180', 'P042'),
(43, 83, 'JLQmsFKXnh', '6723513064286718', '205', 'P043'),
(44, 189, 'fTUvdczQao', '9719368536297802', '412', 'P044'),
(45, 81, 'IYixxKbaJx', '9656994990902011', '418', 'P045'),
(46, 114, 'NlzSDpiw3s', '7601175552528792', '280', 'P046'),
(47, 86, 'BLfegpG2sK', '3095480827005961', '974', 'P047'),
(48, 5, 'BRwLVPOlr5', '3696762873346985', '927', 'P048'),
(49, 116, '9HWa7Li03n', '8283986072090794', '957', 'P049'),
(50, 74, 'oylHkZy5gs', '7690329765013735', '975', 'P050'),
(51, 38, 'gxY3agKlQ9', '1243082496614145', '117', 'P051'),
(52, 119, 'OM4aPuYHUB', '4851401086801582', '795', 'P052'),
(53, 146, 'jqHD1MDyDa', '2174278882265523', '972', 'P053'),
(54, 14, 'b7OdHM9Kbu', '3062957125267692', '472', 'P054'),
(55, 65, 'zUmAShpia9', '9026871152169907', '148', 'P055'),
(56, 93, 'AnDvpsIAWB', '5489510010321009', '744', 'P056'),
(57, 36, 'hyIj1QInyQ', '3958406704606920', '493', 'P057'),
(58, 183, 'EIs3SDuafK', '6266296481894907', '660', 'P058'),
(59, 130, 'dZd4Mc1oXD', '6764443528766075', '723', 'P059'),
(60, 88, 'ENyWbT2zWT', '3906659647977263', '430', 'P060'),
(61, 135, 'P6px6P0OoK', '2745088330965801', '379', 'P061'),
(62, 194, 'y4cW804Dcy', '4563989377706718', '527', 'P062'),
(63, 68, 'KfZcW3UEjX', '6777655010974889', '130', 'P063'),
(64, 179, 'vG9LuXY2jv', '0772456975914903', '613', 'P064'),
(65, 183, 'Py0wKfQ5uC', '3435458529684364', '311', 'P065'),
(66, 46, 'aZYDp5GPwR', '6938614728840575', '214', 'P066'),
(67, 104, '7IFYYcEgcU', '6435044717924005', '371', 'P067'),
(68, 141, 'DmYIexMzxX', '2648408886276081', '559', 'P068'),
(69, 149, 'e1sXpTgHbQ', '1256740387430116', '300', 'P069'),
(70, 100, '6oTohUiNX8', '2638894429613743', '517', 'P070'),
(71, 122, 'FGL8i4kteR', '3940698229929280', '152', 'P071'),
(72, 48, 'YBPjIzneW0', '6184748037516583', '197', 'P072'),
(73, 189, 'LysJx3sewW', '6033995216056654', '194', 'P073'),
(74, 159, '5Alf1dfGeW', '4209727248990612', '732', 'P074'),
(75, 166, 'si5JpqA9YF', '9990184863055982', '375', 'P075'),
(76, 56, '4bGnBWNJ22', '2781018340306876', '223', 'P076'),
(77, 9, 'SDHCPt7yOI', '8404901421032659', '744', 'P077'),
(78, 168, '1aqNBVMAbC', '1157552008512040', '771', 'P078'),
(79, 178, 'V4AZNV6B5g', '8875628011102817', '658', 'P079'),
(80, 170, 'PGdjjE5S3z', '1309395505073143', '592', 'P080'),
(81, 80, 'yBfOQ4Z7yL', '0282344309183349', '358', 'P081'),
(82, 133, 'gV4VpPqeUJ', '8515595191754970', '454', 'P082'),
(83, 63, 'IhYGTdINRm', '0074568640106450', '748', 'P083'),
(84, 37, 'kmXK7yEJgV', '1178895797633263', '821', 'P084'),
(85, 127, 'vuYhtwL3wU', '4904359404507215', '879', 'P085'),
(86, 77, 'yNGosLGlzY', '6479034740127438', '324', 'P086'),
(87, 193, 'WNcpDlw1DK', '8922742923312993', '742', 'P087'),
(88, 144, 'yJEBgrWGVV', '1184319557064526', '727', 'P088'),
(89, 193, '0cqkBGLcuZ', '1403752140297629', '670', 'P089'),
(90, 137, 'YakkOE1XEl', '5056184639844570', '740', 'P090'),
(91, 145, 'zE4b0O91Ht', '7714215464342285', '397', 'P091'),
(92, 177, 'f5Z69VyHPb', '6383095548314052', '875', 'P092'),
(93, 109, 'rEtor5JXi1', '8301852264462042', '134', 'P093'),
(94, 109, 'VT2xqRSeb8', '2379962740452066', '612', 'P094'),
(95, 38, 'sSIdoXI53u', '0310224714345218', '907', 'P095'),
(96, 13, '2QvzMpUK0s', '8376897965379775', '413', 'P096'),
(97, 194, 'kBsyZcJjAp', '8848052987857182', '145', 'P097'),
(98, 126, '1sef4hybT3', '8491091724868296', '278', 'P098'),
(99, 198, 'vokZ9LJS4o', '5780622534027116', '880', 'P099'),
(100, 72, '6eDgQyTRjT', '6052757750707795', '593', 'P100'),
(101, 172, 'BZ2PJseg0o', '3355383010018838', '955', 'P101'),
(102, 106, 'JSCglcmWWt', '7093626348716257', '953', 'P102'),
(103, 157, 'QkYXECS6b0', '9969264508950902', '747', 'P103'),
(104, 97, 'hJtDvBsVBe', '2184190682557197', '216', 'P104'),
(105, 97, 'XWbd2ikyGj', '2833224228837256', '199', 'P105'),
(106, 102, 'jMfoDZ1rx5', '8059949141103265', '683', 'P106'),
(107, 13, 'JMDQox5UI0', '8741780821400547', '974', 'P107'),
(108, 168, 'jm9Sqpfa8z', '1773325450840438', '136', 'P108'),
(109, 188, 'zEEyxtQ2Yb', '8747670559336960', '650', 'P109'),
(110, 16, '5KoTnm3KGB', '6913289639684194', '460', 'P110'),
(111, 62, 'bsvXd051Wx', '5379763974875889', '496', 'P111'),
(112, 103, 'x5R14WOvWb', '1470199234967220', '495', 'P112'),
(113, 67, 'mz0lTo3Gii', '6057725463885728', '815', 'P113'),
(114, 122, '5UaUhZbX5e', '3118524090211772', '457', 'P114'),
(115, 70, 'pi8Nlxe8Sm', '1883709329240609', '108', 'P115'),
(116, 171, 'scu45p0dHB', '4209937648848044', '737', 'P116'),
(117, 107, 'ICmXCBtdct', '0842063326418040', '854', 'P117'),
(118, 149, 'SYsfzlED2X', '5021831494097267', '862', 'P118'),
(119, 32, 'vOK2VIAq7i', '2820883075186615', '379', 'P119'),
(120, 3, 'kAVr0vWZDX', '2341945946023891', '317', 'P120'),
(121, 89, 'x8TkO10cxE', '4991035300882882', '403', 'P121'),
(122, 1, 'KpGsiKGBjW', '4673371385781527', '505', 'P122'),
(123, 154, 'pxpn8QzX9c', '8826933771157663', '724', 'P123'),
(124, 132, 'rfs3cHQePX', '1929614128420134', '224', 'P124'),
(125, 95, 'Dl89d7QHz4', '4804712694792460', '732', 'P125'),
(126, 54, 'tIPuVK2ZLf', '7668704174197617', '329', 'P126'),
(127, 47, 'AasTyeGwTs', '8523556623326953', '760', 'P127'),
(128, 40, 'umuToQRBEG', '6090912035737586', '495', 'P128'),
(129, 30, '6snEpVckF0', '1538059651394827', '154', 'P129'),
(130, 35, 'w4t1UIgZNP', '9768479238518911', '107', 'P130'),
(131, 82, 'rx6jhPB7pZ', '4418464367383774', '278', 'P131'),
(132, 145, 'pu8maXbuDJ', '1351098168535298', '897', 'P132'),
(133, 9, 'vePfJk3Ulu', '4107073197929936', '762', 'P133'),
(134, 69, 'rgF4E9Cyhf', '6312635652552802', '655', 'P134'),
(135, 161, 'Edj0ZzGLcD', '4330319869832972', '601', 'P135'),
(136, 45, 'MGQTsR42Dy', '7987308108126320', '993', 'P136'),
(137, 40, 't42hpKQJOG', '3217849214368715', '256', 'P137'),
(138, 80, 'Jbx1vkUZST', '7475289471412373', '633', 'P138'),
(139, 29, 'wDGZKfh5Xi', '1592569935450738', '690', 'P139'),
(140, 67, 'BCq4dGJVPM', '5546966954480925', '442', 'P140'),
(141, 83, 'EyzOnZWIiX', '2368127847588287', '765', 'P141'),
(142, 200, 'hy7pFPvWaT', '9509108104283402', '266', 'P142'),
(143, 101, 'eVxo79aflL', '2846949898224353', '224', 'P143'),
(144, 59, 'HyiPitDYfC', '2240822543842022', '220', 'P144'),
(145, 89, 'shdCi8pmMT', '1094031319478040', '527', 'P145'),
(146, 174, 'k4nBvHU4m5', '4222025315331837', '503', 'P146'),
(147, 33, 'p2MQCJAmXg', '2780679183713927', '637', 'P147'),
(148, 185, 'C7SRNU0Oe6', '3835154595887843', '153', 'P148'),
(149, 193, 'tC8oSG1PeF', '9625191227849694', '903', 'P149'),
(150, 57, 'eNTWp55ch5', '9558961463044462', '426', 'P150'),
(151, 42, 'YuxqPMZ4IL', '3941715752021052', '781', 'P151'),
(152, 121, 'bcaaaFAzIo', '1653850017630977', '341', 'P152'),
(153, 160, 'CbAb8jeYWu', '3793860049548740', '491', 'P153'),
(154, 138, 'cr9u9x4U0Z', '2671843536638987', '163', 'P154'),
(155, 126, 'EEC3OrQjNk', '9413585515531176', '210', 'P155'),
(156, 109, 'O3O9Q5eM6W', '0975225606997351', '725', 'P156'),
(157, 132, 'EKftJyotS1', '0303706172517978', '284', 'P157'),
(158, 4, 'L6P8T9WThc', '6121302156383797', '617', 'P158'),
(159, 177, 'NhEKTo4bad', '5738199576542920', '861', 'P159'),
(160, 9, 'DiIN2v2dvs', '1070642165722072', '449', 'P160'),
(161, 80, 'hvjwsbMKSb', '3533061747583671', '916', 'P161'),
(162, 67, '4RAyN4dnvU', '8253979971105047', '104', 'P162'),
(163, 34, 'gveUbgsuyk', '9281748315129304', '339', 'P163'),
(164, 106, 'M9GYExqmEN', '9443088399518995', '285', 'P164'),
(165, 90, 'kSG7ZTqb8t', '5998727301364335', '791', 'P165'),
(166, 197, '2k24BEUQ02', '0256565838728838', '522', 'P166'),
(167, 101, 'V92Qp5KvTx', '5466856855694479', '680', 'P167'),
(168, 148, 'twg5syodBj', '6711850537558799', '391', 'P168'),
(169, 13, 'XuaNOuwgQp', '2158539414291804', '917', 'P169'),
(170, 153, 'M0IsDIR0xq', '9431400385755321', '916', 'P170'),
(171, 27, 'PcZStZNLqJ', '4747990411337833', '322', 'P171'),
(172, 15, 'mWLJQ9SrxD', '4055456668794135', '690', 'P172'),
(173, 133, 'PR9neZqSbC', '5352762662752492', '428', 'P173'),
(174, 170, 'msvny07YsA', '6348045108872376', '978', 'P174'),
(175, 154, '5jpZQNL2Zt', '0492005654485340', '997', 'P175'),
(176, 106, 'mMQF8qFMMQ', '2980365635885588', '508', 'P176'),
(177, 115, '7bcK8x9Vsh', '0903142132667308', '415', 'P177'),
(178, 89, 'FqH9ueekGr', '3446141277138701', '392', 'P178'),
(179, 69, 'acJqT95SLA', '0084936369370809', '547', 'P179'),
(180, 190, 'nU4BwLSoBY', '2323767964592479', '713', 'P180'),
(181, 53, 'kIIPmO0e58', '0203550459122024', '917', 'P181'),
(182, 62, 'tE6I9pJ9er', '1474339087159379', '683', 'P182'),
(183, 148, 'w6Qx2tsz9B', '6963904593556042', '547', 'P183'),
(184, 119, '1YZkOLsVwW', '9105595309445758', '668', 'P184'),
(185, 172, 'WAyKDfOmKS', '6287800317829275', '932', 'P185'),
(186, 4, 'DffGqGC2mc', '8220551896501724', '178', 'P186'),
(187, 131, 'HQAxItCfgo', '2414197886333534', '784', 'P187'),
(188, 187, '7uduxVR9NT', '2662258292083560', '461', 'P188'),
(189, 115, 'JIwLmIUrF9', '8545779502595260', '456', 'P189'),
(190, 109, 'I1C01QKqO3', '5978613632297095', '826', 'P190'),
(191, 136, 'X8QepaXdVe', '1847319014830038', '903', 'P191'),
(192, 189, 'EVpzFk0PjT', '9774928246342785', '936', 'P192'),
(193, 126, 'WTp6LTFxnP', '2029758794285734', '353', 'P193'),
(194, 120, 'g7oZGT9TYt', '3034965357912380', '338', 'P194'),
(195, 77, 'jZ49LuzkBS', '5634246636534661', '536', 'P195'),
(196, 51, 'rDDTtMhRLw', '3979407844662224', '440', 'P196'),
(197, 140, '42ekids5qp', '8650859920660075', '668', 'P197'),
(198, 55, 'L3ALLZro4h', '4788751671970174', '520', 'P198'),
(199, 13, 'mGb0N7Zase', '8272448599234539', '803', 'P199'),
(200, 30, 'AULCqcTxii', '3861584755782350', '146', 'P200');

INSERT INTO business (SeatNumber , Availability , FK_FlightID , Is_Reclining)
VALUES
(1,True,186,False),
(2,False,27,True),
(3,False,157,False),
(4,True,23,False),
(5,True,143,True),
(6,True,69,True),
(7,False,174,False),
(8,False,33,False),
(9,True,144,True),
(10,True,54,True),
(11,True,68,True),
(12,False,11,False),
(13,True,20,True),
(14,True,33,True),
(15,True,162,True),
(16,False,20,True),
(17,False,126,True),
(18,True,84,True),
(19,True,169,True),
(20,True,155,True),
(21,False,140,False),
(22,False,141,False),
(23,True,113,False),
(24,True,73,True),
(25,False,181,True),
(26,True,130,False),
(27,True,24,False),
(28,False,62,False),
(29,True,104,False),
(30,True,123,False),
(31,True,199,True),
(32,False,74,True),
(33,True,182,False),
(34,True,23,False),
(35,False,46,False),
(36,False,186,False),
(37,False,198,False),
(38,True,75,False),
(39,False,34,False),
(40,True,193,True),
(41,True,65,False),
(42,False,130,False),
(43,True,134,True),
(44,True,156,True),
(45,False,35,False),
(46,False,109,False),
(47,False,137,True),
(48,True,67,True),
(49,False,96,True),
(50,True,75,True),
(51,False,141,False),
(52,True,46,False),
(53,True,100,False),
(54,False,10,True),
(55,False,58,False),
(56,False,82,True),
(57,True,144,False),
(58,False,59,True),
(59,True,11,False),
(60,False,67,False),
(61,False,112,True),
(62,True,129,False),
(63,True,111,False),
(64,True,61,True),
(65,False,138,True),
(66,False,52,False),
(67,False,173,True),
(68,False,21,False),
(69,True,73,False),
(70,False,94,True),
(71,True,150,False),
(72,False,20,False),
(73,False,53,False),
(74,False,57,False),
(75,False,78,True),
(76,True,75,True),
(77,False,60,False),
(78,True,48,False),
(79,True,123,False),
(80,False,21,False),
(81,False,146,True),
(82,True,119,False),
(83,True,170,False),
(84,True,56,False),
(85,False,122,False),
(86,True,100,False),
(87,True,29,True),
(88,True,46,True),
(89,False,126,False),
(90,True,107,False),
(91,False,108,False),
(92,False,21,True),
(93,False,79,False),
(94,True,71,False),
(95,False,61,True),
(96,False,111,False),
(97,False,34,False),
(98,False,70,True),
(99,False,187,True),
(100,False,93,True),
(101,False,144,True),
(102,True,14,False),
(103,True,9,False),
(104,False,42,False),
(105,False,134,True),
(106,True,137,False),
(107,True,40,False),
(108,False,183,False),
(109,False,42,False),
(110,False,77,True),
(111,True,196,False),
(112,True,94,True),
(113,True,76,False),
(114,False,25,False),
(115,True,142,False),
(116,False,30,True),
(117,False,176,True),
(118,False,105,False),
(119,True,90,False),
(120,False,15,False),
(121,False,72,True),
(122,False,28,False),
(123,True,152,True),
(124,True,86,True),
(125,False,18,True),
(126,True,167,False),
(127,False,187,False),
(128,True,22,True),
(129,False,57,True),
(130,True,137,False),
(131,True,9,True),
(132,False,156,True),
(133,False,65,True),
(134,False,182,True),
(135,True,47,True),
(136,True,96,False),
(137,True,35,True),
(138,False,37,False),
(139,True,75,True),
(140,True,9,False),
(141,False,186,True),
(142,False,34,False),
(143,False,149,True),
(144,False,77,True),
(145,True,143,False),
(146,True,10,True),
(147,False,59,False),
(148,False,159,False),
(149,False,106,True),
(150,False,133,True),
(151,True,176,True),
(152,False,6,True),
(153,True,122,True),
(154,True,77,True),
(155,False,171,False),
(156,True,32,False),
(157,False,55,False),
(158,False,123,True),
(159,True,38,False),
(160,True,103,True),
(161,True,148,True),
(162,True,74,True),
(163,True,167,True),
(164,False,67,False),
(165,False,47,False),
(166,False,56,False),
(167,False,50,False),
(168,True,176,False),
(169,False,139,True),
(170,False,182,True),
(171,False,144,True),
(172,False,134,True),
(173,False,91,True),
(174,True,67,False),
(175,True,112,False),
(176,False,173,False),
(177,True,96,False),
(178,False,63,True),
(179,True,49,False),
(180,False,96,True),
(181,True,23,True),
(182,True,66,False),
(183,True,129,True),
(184,True,116,True),
(185,True,72,True),
(186,False,72,False),
(187,False,31,False),
(188,False,68,True),
(189,True,4,False),
(190,True,12,False),
(191,False,22,False),
(192,False,6,False),
(193,False,96,False),
(194,True,130,True),
(195,False,174,True),
(196,False,79,True),
(197,False,186,False),
(198,False,59,True),
(199,False,35,True),
(200,True,36,True);

INSERT INTO firstclass (SeatNumber , Availability , FK_FlightID , HasLoungeAccess , PriorityBoarding)
VALUES
(1,True,94,False,True),
(2,False,78,False,False),
(3,False,30,False,False),
(4,True,66,True,True),
(5,False,71,False,True),
(6,False,9,True,True),
(7,True,147,False,True),
(8,False,9,False,False),
(9,False,20,False,False),
(10,True,91,False,True),
(11,False,137,False,False),
(12,True,179,True,False),
(13,True,72,False,False),
(14,False,78,True,True),
(15,True,155,False,False),
(16,True,8,False,True),
(17,True,4,False,True),
(18,False,14,True,False),
(19,True,111,False,True),
(20,True,171,True,True),
(21,True,91,True,False),
(22,True,26,True,True),
(23,False,161,True,True),
(24,True,164,False,True),
(25,True,147,True,False),
(26,False,29,False,False),
(27,False,80,True,True),
(28,False,7,True,True),
(29,False,80,True,True),
(30,False,194,False,True),
(31,False,143,False,False),
(32,True,144,True,False),
(33,False,134,True,False),
(34,True,10,True,True),
(35,True,115,False,True),
(36,True,154,False,False),
(37,False,80,False,True),
(38,True,37,True,True),
(39,False,93,False,True),
(40,True,42,True,False),
(41,True,80,True,True),
(42,False,112,False,False),
(43,True,177,False,True),
(44,True,155,True,True),
(45,True,22,False,False),
(46,False,189,True,True),
(47,True,72,True,True),
(48,False,48,True,True),
(49,False,173,False,False),
(50,False,147,True,False),
(51,False,29,True,False),
(52,True,168,False,False),
(53,False,103,True,True),
(54,True,80,False,True),
(55,True,100,True,True),
(56,False,91,True,False),
(57,True,199,False,False),
(58,True,92,False,True),
(59,True,91,False,True),
(60,True,135,True,True),
(61,True,119,False,False),
(62,True,64,False,True),
(63,True,2,False,False),
(64,False,174,False,True),
(65,True,41,True,True),
(66,True,153,False,False),
(67,True,26,False,False),
(68,True,36,True,False),
(69,True,160,False,True),
(70,False,117,True,False),
(71,True,140,False,False),
(72,True,89,False,True),
(73,True,174,True,True),
(74,True,147,True,True),
(75,True,125,False,True),
(76,False,10,False,False),
(77,False,141,True,True),
(78,True,159,True,False),
(79,False,2,False,False),
(80,False,29,False,False),
(81,False,159,False,True),
(82,False,119,False,True),
(83,True,7,False,False),
(84,True,36,False,True),
(85,False,81,True,True),
(86,True,152,True,False),
(87,False,51,False,True),
(88,True,74,False,True),
(89,True,88,True,True),
(90,False,38,False,True),
(91,True,114,False,False),
(92,False,74,True,True),
(93,True,67,False,False),
(94,True,190,False,False),
(95,False,114,True,True),
(96,False,164,False,True),
(97,True,171,False,False),
(98,False,59,False,True),
(99,True,22,True,True),
(100,True,103,True,True),
(101,False,121,False,False),
(102,False,67,False,False),
(103,False,112,False,True),
(104,False,90,True,True),
(105,True,112,False,False),
(106,True,117,False,True),
(107,True,51,False,False),
(108,False,50,True,False),
(109,True,127,False,False),
(110,True,109,True,True),
(111,True,172,False,False),
(112,True,59,False,True),
(113,True,73,True,False),
(114,False,66,True,False),
(115,False,75,True,True),
(116,False,103,False,False),
(117,True,154,False,True),
(118,True,179,False,False),
(119,True,8,False,True),
(120,True,120,False,True),
(121,False,178,False,False),
(122,True,152,False,True),
(123,True,196,False,False),
(124,True,15,True,True),
(125,True,58,True,True),
(126,True,169,True,True),
(127,True,119,True,False),
(128,False,23,True,True),
(129,True,37,False,True),
(130,False,175,True,True),
(131,True,174,False,False),
(132,False,37,True,False),
(133,False,154,False,False),
(134,False,33,False,True),
(135,True,143,False,False),
(136,True,150,False,False),
(137,True,122,False,False),
(138,True,97,False,False),
(139,False,98,False,True),
(140,False,156,True,False),
(141,True,81,True,True),
(142,True,173,False,False),
(143,True,31,True,False),
(144,True,89,True,False),
(145,False,16,False,True),
(146,True,112,False,False),
(147,False,86,True,True),
(148,False,94,True,True),
(149,True,52,True,False),
(150,True,103,False,False),
(151,False,144,False,True),
(152,True,14,False,True),
(153,True,37,False,True),
(154,True,184,False,True),
(155,True,100,True,False),
(156,False,149,False,True),
(157,False,80,False,True),
(158,False,195,False,False),
(159,False,109,False,True),
(160,True,171,True,False),
(161,False,82,True,False),
(162,False,183,False,True),
(163,True,179,False,True),
(164,True,169,False,True),
(165,False,21,True,True),
(166,True,100,True,True),
(167,False,79,False,False),
(168,False,47,True,False),
(169,True,112,True,True),
(170,False,134,False,True),
(171,True,59,True,True),
(172,False,5,True,True),
(173,True,96,False,False),
(174,False,115,False,True),
(175,False,188,False,True),
(176,True,55,True,False),
(177,False,158,True,False),
(178,False,172,False,True),
(179,False,73,False,True),
(180,False,101,False,True),
(181,False,122,False,False),
(182,False,6,True,False),
(183,True,70,False,False),
(184,True,71,True,True),
(185,False,75,False,False),
(186,True,4,True,True),
(187,True,63,True,True),
(188,True,23,True,True),
(189,False,51,False,False),
(190,False,95,False,False),
(191,False,129,True,False),
(192,False,21,True,False),
(193,True,167,True,True),
(194,True,87,False,True),
(195,True,35,True,False),
(196,False,2,False,False),
(197,False,8,True,True),
(198,False,35,True,False),
(199,False,179,False,True),
(200,False,97,False,False);

INSERT INTO otherflightclass (SeatNumber , Availability , FK_FlightID , IsStandingSeat)
VALUES
(1,True,43,True),
(2,True,132,True),
(3,True,115,False),
(4,False,138,True),
(5,True,102,False),
(6,True,76,True),
(7,False,87,True),
(8,False,84,False),
(9,False,180,False),
(10,False,105,False),
(11,False,22,False),
(12,False,43,False),
(13,True,114,False),
(14,False,200,True),
(15,False,77,True),
(16,False,58,False),
(17,False,194,False),
(18,False,46,True),
(19,False,56,False),
(20,False,87,False),
(21,False,15,True),
(22,True,44,True),
(23,True,22,True),
(24,False,112,True),
(25,False,79,False),
(26,True,146,True),
(27,True,42,True),
(28,False,95,True),
(29,False,168,False),
(30,False,82,False),
(31,False,68,True),
(32,False,199,False),
(33,True,21,False),
(34,True,134,False),
(35,False,179,True),
(36,False,83,False),
(37,True,45,False),
(38,True,54,True),
(39,False,134,False),
(40,True,164,False),
(41,False,151,True),
(42,False,23,True),
(43,True,65,False),
(44,True,40,False),
(45,False,162,False),
(46,False,30,False),
(47,False,97,True),
(48,True,62,True),
(49,True,107,True),
(50,False,103,True),
(51,True,34,False),
(52,True,131,True),
(53,True,124,False),
(54,False,149,False),
(55,True,111,True),
(56,True,93,False),
(57,False,51,True),
(58,True,197,True),
(59,False,137,False),
(60,False,80,True),
(61,True,108,True),
(62,False,173,True),
(63,False,196,False),
(64,False,127,True),
(65,False,71,True),
(66,False,189,False),
(67,False,1,True),
(68,True,150,False),
(69,True,165,False),
(70,False,186,True),
(71,False,132,False),
(72,False,194,True),
(73,False,59,False),
(74,True,155,True),
(75,True,189,True),
(76,False,142,True),
(77,False,162,True),
(78,False,179,False),
(79,True,185,False),
(80,True,47,False),
(81,False,166,True),
(82,False,94,False),
(83,True,135,False),
(84,True,23,True),
(85,False,36,True),
(86,True,54,True),
(87,False,168,True),
(88,False,144,False),
(89,True,115,True),
(90,False,164,True),
(91,False,161,False),
(92,True,200,False),
(93,True,140,False),
(94,False,157,True),
(95,False,185,False),
(96,True,120,False),
(97,True,28,False),
(98,True,5,False),
(99,True,196,True),
(100,False,100,True),
(101,True,12,False),
(102,False,16,False),
(103,False,166,False),
(104,False,95,True),
(105,False,27,True),
(106,False,164,True),
(107,False,55,False),
(108,True,96,False),
(109,True,56,True),
(110,False,119,False),
(111,False,169,False),
(112,False,51,True),
(113,False,128,True),
(114,False,66,False),
(115,True,119,True),
(116,True,31,True),
(117,True,23,True),
(118,True,91,False),
(119,True,68,False),
(120,False,65,True),
(121,False,111,False),
(122,True,38,False),
(123,True,58,True),
(124,False,61,True),
(125,True,42,False),
(126,True,165,False),
(127,False,132,True),
(128,False,126,True),
(129,True,194,False),
(130,False,95,False),
(131,False,151,False),
(132,True,71,False),
(133,True,122,True),
(134,False,84,False),
(135,False,119,True),
(136,False,2,False),
(137,False,31,True),
(138,True,85,True),
(139,True,53,True),
(140,False,59,True),
(141,True,119,True),
(142,False,104,True),
(143,False,195,True),
(144,False,130,False),
(145,False,33,True),
(146,True,73,True),
(147,False,7,False),
(148,True,165,True),
(149,False,138,True),
(150,True,30,True),
(151,True,23,True),
(152,False,29,True),
(153,True,119,False),
(154,False,92,False),
(155,True,73,False),
(156,True,10,False),
(157,True,127,True),
(158,True,8,True),
(159,False,59,True),
(160,False,171,False),
(161,True,42,True),
(162,True,171,False),
(163,True,42,False),
(164,True,70,False),
(165,True,78,True),
(166,False,78,False),
(167,True,97,True),
(168,True,162,True),
(169,False,90,False),
(170,True,67,False),
(171,True,47,True),
(172,True,129,True),
(173,True,63,False),
(174,True,171,True),
(175,False,63,True),
(176,False,37,True),
(177,True,109,True),
(178,False,8,True),
(179,True,151,True),
(180,True,81,True),
(181,False,49,True),
(182,False,64,True),
(183,True,32,True),
(184,True,110,False),
(185,True,33,True),
(186,False,168,True),
(187,True,127,False),
(188,True,20,True),
(189,False,43,True),
(190,False,38,False),
(191,False,140,True),
(192,False,4,False),
(193,False,30,False),
(194,True,183,False),
(195,True,75,False),
(196,False,159,True),
(197,True,133,True),
(198,True,187,True),
(199,False,17,True),
(200,False,5,False);

INSERT INTO ticket (TicketPrice , TicketNumber , FK_SeatNumber , FK_PassengerID)
VALUES
(320,'T001',1,'P001'),
(987,'T002',2,'P002'),
(874,'T003',3,'P003'),
(887,'T004',4,'P004'),
(549,'T005',5,'P005'),
(654,'T006',6,'P006'),
(857,'T007',7,'P007'),
(903,'T008',8,'P008'),
(477,'T009',9,'P009'),
(769,'T010',10,'P010'),
(270,'T011',11,'P011'),
(239,'T012',12,'P012'),
(681,'T013',13,'P013'),
(985,'T014',14,'P014'),
(364,'T015',15,'P015'),
(462,'T016',16,'P016'),
(605,'T017',17,'P017'),
(276,'T018',18,'P018'),
(335,'T019',19,'P019'),
(660,'T020',20,'P020'),
(230,'T021',21,'P021'),
(316,'T022',22,'P022'),
(793,'T023',23,'P023'),
(311,'T024',24,'P024'),
(816,'T025',25,'P025'),
(693,'T026',26,'P026'),
(459,'T027',27,'P027'),
(813,'T028',28,'P028'),
(333,'T029',29,'P029'),
(174,'T030',30,'P030'),
(70,'T031',31,'P031'),
(446,'T032',32,'P032'),
(65,'T033',33,'P033'),
(381,'T034',34,'P034'),
(548,'T035',35,'P035'),
(126,'T036',36,'P036'),
(993,'T037',37,'P037'),
(880,'T038',38,'P038'),
(467,'T039',39,'P039'),
(756,'T040',40,'P040'),
(571,'T041',41,'P041'),
(592,'T042',42,'P042'),
(873,'T043',43,'P043'),
(635,'T044',44,'P044'),
(938,'T045',45,'P045'),
(845,'T046',46,'P046'),
(726,'T047',47,'P047'),
(794,'T048',48,'P048'),
(991,'T049',49,'P049'),
(724,'T050',50,'P050'),
(414,'T051',51,'P051'),
(334,'T052',52,'P052'),
(548,'T053',53,'P053'),
(317,'T054',54,'P054'),
(115,'T055',55,'P055'),
(107,'T056',56,'P056'),
(753,'T057',57,'P057'),
(912,'T058',58,'P058'),
(549,'T059',59,'P059'),
(774,'T060',60,'P060'),
(926,'T061',61,'P061'),
(567,'T062',62,'P062'),
(357,'T063',63,'P063'),
(777,'T064',64,'P064'),
(583,'T065',65,'P065'),
(249,'T066',66,'P066'),
(303,'T067',67,'P067'),
(814,'T068',68,'P068'),
(781,'T069',69,'P069'),
(124,'T070',70,'P070'),
(890,'T071',71,'P071'),
(104,'T072',72,'P072'),
(669,'T073',73,'P073'),
(60,'T074',74,'P074'),
(787,'T075',75,'P075'),
(796,'T076',76,'P076'),
(513,'T077',77,'P077'),
(989,'T078',78,'P078'),
(587,'T079',79,'P079'),
(505,'T080',80,'P080'),
(859,'T081',81,'P081'),
(459,'T082',82,'P082'),
(768,'T083',83,'P083'),
(600,'T084',84,'P084'),
(755,'T085',85,'P085'),
(483,'T086',86,'P086'),
(740,'T087',87,'P087'),
(101,'T088',88,'P088'),
(759,'T089',89,'P089'),
(858,'T090',90,'P090'),
(346,'T091',91,'P091'),
(66,'T092',92,'P092'),
(455,'T093',93,'P093'),
(170,'T094',94,'P094'),
(260,'T095',95,'P095'),
(259,'T096',96,'P096'),
(750,'T097',97,'P097'),
(398,'T098',98,'P098'),
(396,'T099',99,'P099'),
(60,'T100',100,'P100'),
(520,'T101',101,'P101'),
(64,'T102',102,'P102'),
(946,'T103',103,'P103'),
(669,'T104',104,'P104'),
(752,'T105',105,'P105'),
(863,'T106',106,'P106'),
(480,'T107',107,'P107'),
(835,'T108',108,'P108'),
(875,'T109',109,'P109'),
(356,'T110',110,'P110'),
(856,'T111',111,'P111'),
(788,'T112',112,'P112'),
(107,'T113',113,'P113'),
(676,'T114',114,'P114'),
(175,'T115',115,'P115'),
(301,'T116',116,'P116'),
(972,'T117',117,'P117'),
(459,'T118',118,'P118'),
(54,'T119',119,'P119'),
(832,'T120',120,'P120'),
(264,'T121',121,'P121'),
(577,'T122',122,'P122'),
(742,'T123',123,'P123'),
(992,'T124',124,'P124'),
(817,'T125',125,'P125'),
(995,'T126',126,'P126'),
(694,'T127',127,'P127'),
(433,'T128',128,'P128'),
(799,'T129',129,'P129'),
(659,'T130',130,'P130'),
(680,'T131',131,'P131'),
(581,'T132',132,'P132'),
(243,'T133',133,'P133'),
(317,'T134',134,'P134'),
(796,'T135',135,'P135'),
(570,'T136',136,'P136'),
(622,'T137',137,'P137'),
(713,'T138',138,'P138'),
(391,'T139',139,'P139'),
(269,'T140',140,'P140'),
(199,'T141',141,'P141'),
(753,'T142',142,'P142'),
(824,'T143',143,'P143'),
(825,'T144',144,'P144'),
(357,'T145',145,'P145'),
(515,'T146',146,'P146'),
(415,'T147',147,'P147'),
(413,'T148',148,'P148'),
(938,'T149',149,'P149'),
(486,'T150',150,'P150'),
(143,'T151',151,'P151'),
(805,'T152',152,'P152'),
(321,'T153',153,'P153'),
(618,'T154',154,'P154'),
(732,'T155',155,'P155'),
(955,'T156',156,'P156'),
(348,'T157',157,'P157'),
(261,'T158',158,'P158'),
(251,'T159',159,'P159'),
(475,'T160',160,'P160'),
(306,'T161',161,'P161'),
(270,'T162',162,'P162'),
(280,'T163',163,'P163'),
(414,'T164',164,'P164'),
(538,'T165',165,'P165'),
(469,'T166',166,'P166'),
(641,'T167',167,'P167'),
(410,'T168',168,'P168'),
(150,'T169',169,'P169'),
(791,'T170',170,'P170'),
(132,'T171',171,'P171'),
(978,'T172',172,'P172'),
(518,'T173',173,'P173'),
(952,'T174',174,'P174'),
(51,'T175',175,'P175'),
(183,'T176',176,'P176'),
(82,'T177',177,'P177'),
(302,'T178',178,'P178'),
(185,'T179',179,'P179'),
(139,'T180',180,'P180'),
(815,'T181',181,'P181'),
(265,'T182',182,'P182'),
(78,'T183',183,'P183'),
(677,'T184',184,'P184'),
(265,'T185',185,'P185'),
(78,'T186',186,'P186'),
(458,'T187',187,'P187'),
(990,'T188',188,'P188'),
(999,'T189',189,'P189'),
(606,'T190',190,'P190'),
(69,'T191',191,'P191'),
(590,'T192',192,'P192'),
(303,'T193',193,'P193'),
(861,'T194',194,'P194'),
(479,'T195',195,'P195'),
(463,'T196',196,'P196'),
(132,'T197',197,'P197'),
(343,'T198',198,'P198'),
(846,'T199',199,'P199'),
(375,'T200',200,'P200');


INSERT INTO cargoairliner (FlightID , CargoType)
VALUES
(1,'Perishable'),
(2,'Light'),
(3,'Hazardous'),
(4,'Perishable'),
(5,'Perishable'),
(6,'Fragile'),
(7,'Non-Perishable'),
(8,'Perishable'),
(9,'Light'),
(10,'Light'),
(11,'Hazardous'),
(12,'Non-Perishable'),
(13,'Fragile'),
(14,'Light'),
(15,'Non-Perishable'),
(16,'Heavy'),
(17,'Heavy'),
(18,'Heavy'),
(19,'Non-Perishable'),
(20,'Perishable'),
(21,'Fragile'),
(22,'Perishable'),
(23,'Non-Perishable'),
(24,'Non-Perishable'),
(25,'Light'),
(26,'Fragile'),
(27,'Non-Perishable'),
(28,'Hazardous'),
(29,'Perishable'),
(30,'Light'),
(31,'Hazardous'),
(32,'Perishable'),
(33,'Fragile'),
(34,'Light'),
(35,'Fragile'),
(36,'Perishable'),
(37,'Light'),
(38,'Perishable'),
(39,'Non-Perishable'),
(40,'Hazardous'),
(41,'Hazardous'),
(42,'Light'),
(43,'Light'),
(44,'Heavy'),
(45,'Non-Perishable'),
(46,'Perishable'),
(47,'Hazardous'),
(48,'Hazardous'),
(49,'Heavy'),
(50,'Heavy'),
(51,'Hazardous'),
(52,'Perishable'),
(53,'Heavy'),
(54,'Non-Perishable'),
(55,'Non-Perishable'),
(56,'Non-Perishable'),
(57,'Perishable'),
(58,'Fragile'),
(59,'Non-Perishable'),
(60,'Fragile'),
(61,'Light'),
(62,'Non-Perishable'),
(63,'Light'),
(64,'Light'),
(65,'Hazardous'),
(66,'Heavy'),
(67,'Light'),
(68,'Non-Perishable'),
(69,'Perishable'),
(70,'Perishable'),
(71,'Non-Perishable'),
(72,'Light'),
(73,'Perishable'),
(74,'Fragile'),
(75,'Fragile'),
(76,'Non-Perishable'),
(77,'Fragile'),
(78,'Light'),
(79,'Perishable'),
(80,'Heavy'),
(81,'Non-Perishable'),
(82,'Light'),
(83,'Non-Perishable'),
(84,'Non-Perishable'),
(85,'Light'),
(86,'Hazardous'),
(87,'Fragile'),
(88,'Heavy'),
(89,'Heavy'),
(90,'Hazardous'),
(91,'Light'),
(92,'Fragile'),
(93,'Fragile'),
(94,'Perishable'),
(95,'Hazardous'),
(96,'Non-Perishable'),
(97,'Light'),
(98,'Hazardous'),
(99,'Non-Perishable'),
(100,'Heavy'),
(101,'Hazardous'),
(102,'Non-Perishable'),
(103,'Light'),
(104,'Non-Perishable'),
(105,'Hazardous'),
(106,'Perishable'),
(107,'Hazardous'),
(108,'Fragile'),
(109,'Heavy'),
(110,'Heavy'),
(111,'Fragile'),
(112,'Hazardous'),
(113,'Fragile'),
(114,'Perishable'),
(115,'Hazardous'),
(116,'Light'),
(117,'Heavy'),
(118,'Light'),
(119,'Light'),
(120,'Fragile'),
(121,'Non-Perishable'),
(122,'Fragile'),
(123,'Non-Perishable'),
(124,'Hazardous'),
(125,'Hazardous'),
(126,'Hazardous'),
(127,'Light'),
(128,'Hazardous'),
(129,'Light'),
(130,'Light'),
(131,'Perishable'),
(132,'Perishable'),
(133,'Perishable'),
(134,'Heavy'),
(135,'Perishable'),
(136,'Perishable'),
(137,'Perishable'),
(138,'Perishable'),
(139,'Fragile'),
(140,'Perishable'),
(141,'Non-Perishable'),
(142,'Perishable'),
(143,'Heavy'),
(144,'Perishable'),
(145,'Heavy'),
(146,'Fragile'),
(147,'Non-Perishable'),
(148,'Non-Perishable'),
(149,'Non-Perishable'),
(150,'Light'),
(151,'Non-Perishable'),
(152,'Non-Perishable'),
(153,'Hazardous'),
(154,'Heavy'),
(155,'Perishable'),
(156,'Heavy'),
(157,'Light'),
(158,'Heavy'),
(159,'Light'),
(160,'Fragile'),
(161,'Perishable'),
(162,'Non-Perishable'),
(163,'Heavy'),
(164,'Light'),
(165,'Heavy'),
(166,'Light'),
(167,'Perishable'),
(168,'Hazardous'),
(169,'Heavy'),
(170,'Perishable'),
(171,'Light'),
(172,'Hazardous'),
(173,'Perishable'),
(174,'Heavy'),
(175,'Non-Perishable'),
(176,'Heavy'),
(177,'Non-Perishable'),
(178,'Perishable'),
(179,'Non-Perishable'),
(180,'Light'),
(181,'Fragile'),
(182,'Light'),
(183,'Light'),
(184,'Fragile'),
(185,'Hazardous'),
(186,'Heavy'),
(187,'Light'),
(188,'Perishable'),
(189,'Fragile'),
(190,'Fragile'),
(191,'Heavy'),
(192,'Hazardous'),
(193,'Hazardous'),
(194,'Perishable'),
(195,'Hazardous'),
(196,'Perishable'),
(197,'Light'),
(198,'Light'),
(199,'Heavy'),
(200,'Heavy');

INSERT INTO passengerairliner (FlightID , NumberOfFlightAttendants)
VALUES
(1,9),
(2,6),
(3,6),
(4,8),
(5,10),
(6,10),
(7,9),
(8,1),
(9,2),
(10,10),
(11,4),
(12,5),
(13,1),
(14,2),
(15,3),
(16,2),
(17,4),
(18,1),
(19,1),
(20,3),
(21,10),
(22,6),
(23,6),
(24,3),
(25,1),
(26,10),
(27,1),
(28,9),
(29,5),
(30,7),
(31,8),
(32,7),
(33,9),
(34,2),
(35,1),
(36,1),
(37,4),
(38,1),
(39,2),
(40,6),
(41,5),
(42,5),
(43,5),
(44,1),
(45,7),
(46,10),
(47,5),
(48,1),
(49,4),
(50,7),
(51,6),
(52,10),
(53,6),
(54,4),
(55,7),
(56,10),
(57,5),
(58,3),
(59,7),
(60,2),
(61,4),
(62,2),
(63,6),
(64,8),
(65,8),
(66,4),
(67,5),
(68,9),
(69,4),
(70,10),
(71,9),
(72,2),
(73,2),
(74,2),
(75,5),
(76,3),
(77,8),
(78,5),
(79,7),
(80,7),
(81,10),
(82,2),
(83,8),
(84,1),
(85,1),
(86,4),
(87,5),
(88,7),
(89,8),
(90,4),
(91,9),
(92,4),
(93,7),
(94,5),
(95,2),
(96,9),
(97,8),
(98,2),
(99,9),
(100,5),
(101,9),
(102,1),
(103,6),
(104,5),
(105,1),
(106,2),
(107,1),
(108,6),
(109,10),
(110,9),
(111,2),
(112,3),
(113,9),
(114,10),
(115,10),
(116,8),
(117,1),
(118,4),
(119,6),
(120,3),
(121,5),
(122,6),
(123,6),
(124,1),
(125,9),
(126,2),
(127,4),
(128,1),
(129,3),
(130,1),
(131,6),
(132,2),
(133,6),
(134,5),
(135,6),
(136,7),
(137,6),
(138,9),
(139,10),
(140,7),
(141,2),
(142,2),
(143,10),
(144,8),
(145,7),
(146,3),
(147,7),
(148,8),
(149,6),
(150,5),
(151,1),
(152,5),
(153,3),
(154,1),
(155,1),
(156,8),
(157,10),
(158,6),
(159,3),
(160,4),
(161,9),
(162,6),
(163,2),
(164,4),
(165,10),
(166,8),
(167,7),
(168,3),
(169,5),
(170,9),
(171,7),
(172,2),
(173,3),
(174,8),
(175,6),
(176,6),
(177,1),
(178,7),
(179,3),
(180,10),
(181,9),
(182,3),
(183,10),
(184,10),
(185,7),
(186,8),
(187,3),
(188,5),
(189,1),
(190,8),
(191,2),
(192,9),
(193,10),
(194,6),
(195,1),
(196,8),
(197,3),
(198,3),
(199,7),
(200,10);

INSERT INTO privatejet (FlightID , Owner)
VALUES
(1,'Cindy Bates'),
(2,'Chelsea Kennedy'),
(3,'Amy Mcdaniel'),
(4,'Dorothy Short'),
(5,'Michael Hernandez'),
(6,'Teresa Maynard'),
(7,'Robert Cunningham'),
(8,'Chase Cabrera'),
(9,'Jennifer Zamora'),
(10,'Melanie Fisher'),
(11,'Thomas Miller'),
(12,'Jacqueline Robinson'),
(13,'Stephanie Clayton'),
(14,'Edward Tucker'),
(15,'Jesse Mitchell'),
(16,'Brenda Campbell'),
(17,'Gregory Blackwell'),
(18,'Susan Jones'),
(19,'Stephen Carter'),
(20,'Denise Porter'),
(21,'Maria Rodriguez'),
(22,'Eric Caldwell'),
(23,'Amber Jones'),
(24,'John Alexander'),
(25,'Nicholas Pitts'),
(26,'Michael Oneal'),
(27,'Ashley Nichols'),
(28,'Paul Wright'),
(29,'Adam Grant'),
(30,'Rhonda Knight'),
(31,'Jerry Wood'),
(32,'Austin Carter'),
(33,'Denise Graham'),
(34,'Nancy Carter'),
(35,'Russell Kelley'),
(36,'Sean Bryant'),
(37,'Brianna Fernandez'),
(38,'James Hansen'),
(39,'Alexander Mcdaniel'),
(40,'Troy Reyes'),
(41,'Megan Brady'),
(42,'Daniel Richardson'),
(43,'Rhonda Miller'),
(44,'Heather White'),
(45,'Timothy Lutz'),
(46,'Denise Atkinson'),
(47,'Bruce Parrish'),
(48,'Pamela Holmes'),
(49,'Arthur Harding'),
(50,'Lorraine Austin'),
(51,'Alexandra Montoya'),
(52,'Catherine Johnson'),
(53,'Sonya Dyer'),
(54,'Jeff Zuniga'),
(55,'Emily Holland'),
(56,'Zachary Watson'),
(57,'Jill Powell'),
(58,'Antonio Barnes'),
(59,'Michelle Harris'),
(60,'Jennifer Jensen'),
(61,'Christina Hull'),
(62,'Dennis Acosta'),
(63,'Mr. Samuel Hull'),
(64,'Patricia Ortega'),
(65,'Robert Collins'),
(66,'Logan Osborn'),
(67,'Michele Palmer'),
(68,'Karen Thompson'),
(69,'Julia Lowe'),
(70,'Natasha Montgomery'),
(71,'Rebecca Weaver'),
(72,'Michelle Long'),
(73,'Janet Kaufman'),
(74,'Howard Tran'),
(75,'Emily Spencer'),
(76,'Joshua Johnson'),
(77,'Melissa Arnold'),
(78,'Benjamin Harris'),
(79,'John Medina'),
(80,'Samantha Todd'),
(81,'Ronald Ortega'),
(82,'Donald Miller'),
(83,'Cheryl Vega'),
(84,'Timothy Simmons'),
(85,'James Lewis'),
(86,'James Gilbert'),
(87,'Tara Marshall'),
(88,'Tina West'),
(89,'Carrie Kelly'),
(90,'Gregory Gregory'),
(91,'Chad Weber'),
(92,'Stephanie Rogers'),
(93,'Deborah Peterson'),
(94,'Steven Smith'),
(95,'Kurt Little'),
(96,'Andrew Pratt'),
(97,'Christopher Douglas'),
(98,'James Smith'),
(99,'Jesus Figueroa'),
(100,'Patrick Parker'),
(101,'Deanna Orozco'),
(102,'Melissa Burke'),
(103,'Nicholas Roberts'),
(104,'Andrew Cunningham'),
(105,'Eric Hernandez'),
(106,'Michael Green'),
(107,'Briana Munoz'),
(108,'Tara Thomas'),
(109,'Derek Romero'),
(110,'Michael Thomas'),
(111,'Trevor Fields'),
(112,'Stephen Smith'),
(113,'Jennifer Perez'),
(114,'Patrick Reynolds'),
(115,'Danielle Welch'),
(116,'Alexandria Brown'),
(117,'Kayla Bowman'),
(118,'Stephanie Day'),
(119,'Cody Wilson'),
(120,'Debra Michael'),
(121,'Richard Hernandez'),
(122,'Abigail Stout'),
(123,'Jenny Lowery'),
(124,'Amanda Gonzalez'),
(125,'Kathryn Carr'),
(126,'Austin Preston'),
(127,'Joseph Lowery'),
(128,'Tammy Campbell'),
(129,'Victoria Russell'),
(130,'Jeffrey Hamilton'),
(131,'Brittany Harris'),
(132,'Jorge George'),
(133,'Jeremy Moon'),
(134,'Austin Bruce'),
(135,'Theresa Gordon'),
(136,'Timothy Floyd'),
(137,'Stephanie Garcia'),
(138,'Kathryn Chambers'),
(139,'Daniel Kelly'),
(140,'Ian Johnson'),
(141,'Kenneth Odom'),
(142,'Angela Dunlap'),
(143,'Kathleen Solis'),
(144,'Heather Ward'),
(145,'Brooke Sampson'),
(146,'Hannah Berger'),
(147,'Gary Grant'),
(148,'Raymond Clayton'),
(149,'Natasha Baker'),
(150,'Adam Price'),
(151,'Nicholas Johnson'),
(152,'Christopher Miller'),
(153,'Joshua Ross'),
(154,'James Sampson'),
(155,'Todd Lamb'),
(156,'Madison Raymond'),
(157,'Lisa Lee'),
(158,'Sean Webb'),
(159,'Samuel Burke'),
(160,'David Richardson'),
(161,'Thomas Johnson'),
(162,'Xavier Trujillo'),
(163,'Richard Mcbride'),
(164,'William Edwards'),
(165,'Zachary Roth'),
(166,'Dustin Nelson'),
(167,'Charles Stephens'),
(168,'Jesus Murphy'),
(169,'Emily Warren'),
(170,'Amanda Ballard'),
(171,'Cathy Walker'),
(172,'Lori Holmes'),
(173,'Thomas Long'),
(174,'Diana Molina'),
(175,'Haley Jones'),
(176,'Amber Marshall'),
(177,'Heather Ayala'),
(178,'Tonya Kaufman'),
(179,'Jessica Williams'),
(180,'Jesse Brown'),
(181,'Amanda Collins'),
(182,'Martin Walton'),
(183,'April Torres'),
(184,'Stephen Hull'),
(185,'Nicole Alvarado'),
(186,'Timothy Gentry'),
(187,'Thomas Singleton'),
(188,'Mr. Rick Young'),
(189,'Joseph Fisher'),
(190,'Jessica Anderson'),
(191,'Sarah Wells'),
(192,'Brooke Farmer'),
(193,'Brandon Joyce'),
(194,'Richard Cardenas'),
(195,'Michael Torres'),
(196,'Deborah Zavala'),
(197,'Debra Carpenter'),
(198,'Alexandra Mcfarland'),
(199,'Roger Simmons'),
(200,'Chelsea Lane');

